"Case_ID","Case_Code","Case_Name","Category","Linked_Pref_Cards","Date_Updated","Pre_Incision_Critical_Steps","Bed_Position_Drapes","Mayo_1_Setup","Mayo_2_Setup","Trays_Equipment","Circulator_Energy_Notes","Disposables_Sutures","Dressing_Meds_Bolster","Rep_Contacts_Notes"
"TG1","TG1","Vaginoplasty","Gender Affirming","M-83968","11/22/25","Antibiotic: Unasyn (no redosing) | Complete paralysis (zero twitches) until skin closure | No Tburg, reverse Tburg, tilt | Confirm Lovenox | Confirm SCDs in place & functioning","Trumpf (preferred) or Skytron | Gel pad under torso | Allen Yellofin Elite stirrups (2 brackets) | Lithotomy drape | Ioban strip 6650EZ, 3in strips | Ioban strip 6640EZ (1/2) for hips","Adson w teeth (2) | Gerald w teeth (2) | Black mets | Kidney basin for hooks & bovie | Super sponge + alcohol | Stapler (2) | Tonsil | Hemostats (small roll)","Vaginal base & mold | Basin filled with 1/2 saline | Ruler | Green towels (2) | Half sheet Ioban | Black mets | Adson | Needle driver | Heavy scissors | 3-0 chromic SH x 2 | Wound vac sponge, large | Stapler | Copious bacitracin","Uro Minor | Perineal bookwalter (bracket 'spinner up', near armboard) | Vaginoplasty | URO suture cart | Ligasure machine (new) | Two Mayo stands | Kick bucket left of surgeon | Bipolar pedal left of surgeon | Sitting stools (4) | Neptune | DO NOT open recon tray","Shave with clippers and blue razor | Chloraprep (2) | Cut/Coag/Bipolar: 15/15/20 (start) then 30/30/20 | Music: Volume 40%, doc computer at 100% | Write lithotomy time on board (ask surgeon) | Specimens: L and R testicle (separate, fresh) | Grounding pad *after* positioning | Bookwalter bracket 'spinner up', near armboard","Lithotomy drape (OPEN) | Ioban strip 6650EZ, 3in strips (OPEN) | Ioban 6640EZ for hips (OPEN) | 4-0 vicryl SH (3) (OPEN) | 2-0 vicryl SH undyed (3) (OPEN) | 2-0 vicryl SH dyed (10) - closing (OPEN) | 5-0 monocryl PS-2 (2) (OPEN) | 2-0 vicryl UR6 (3) (OPEN) | 5-0 chromic (1) (OPEN) | 3-0 chromic SH (1) (OPEN) | Blue hooks (8) (OPEN) | Needle tip bovie #E1651 Lawson 100014 (OPEN) | Ligasure small jaw (OPEN) | 20mL syringe, 18g needle (OPEN) | Wound vac sponge, large M8275065 (OPEN) | 16Fr Foley (open 1, HA 1) | Large Tegaderm (OPEN) | Bipolar cord (OPEN) | Bayonet insulated bipolar #20-13701 Lawson 013263 (OPEN) | Three suctions (one in pack)","Dressing: Kerlix (6), Mesh panties, New 16Fr Foley, Closing suture: 2-0 vicryl SH dyed (10) | Vaginal bolster: Cut large wound vac sponge to 13x15cm, roll hot dog, staple edges, 13cm circumference; Wrap with V.A.C. drape then Tegaderm to smooth; Attach SensaT.R.A.C. pad, seal with Ioban; Copious bacitracin; Test with suction to ensure seal | Meds: Epi 1:200k 30mL, Irrisept (1), 0.25% marcaine with epi 60mL, Artiss (call pharmacy), Bacitracin ointment (4), Bottle H2O (2), Bottle NaCl, Lube","Dr. Figler Cell: 216-339-0230 | Clear liquids day prior"
"TG2","TG2","Vulvoplasty","Gender Affirming","M-83968, M-107797","11/13/25","Antibiotic: Unasyn (no redosing) | Complete paralysis (zero twitches) until skin closure | No Tburg, reverse Tburg, tilt | Confirm Lovenox | Confirm SCDs in place & functioning","Trumpf (preferred) or Skytron | Gel pad under torso | Allen Yellofin Elite stirrups (2 brackets) | Lithotomy drape | Ioban strip 6640EZ, 3in strips (2). Rest for hips.","Adson w teeth (2) | Gerald w teeth (2) | Gerald without teeth (2) | Black mets | Kidney basin for hooks & bovie | Tonsil | Hemostats (small roll)","None","Uro Minor | Perineal bookwalter | URO suture cart | Ligasure machine (new) | Kick bucket left of surgeon | Bipolar pedal left of surgeon | Sitting stools (4) | Neptune | DO NOT open recon tray","Shave with clippers and blue razor | Super sponge + alcohol | Chloraprep (2) | Cut/Coag/Bipolar: 15/15/20 (start) then 30/30/20 | Music: Volume 40%, doc computer at 100% | Write lithotomy time on board (ask surgeon) | Specimens: L and R testicle (separate, fresh) | Grounding pad *after* positioning | Bookwalter bracket 'spinner up', near armboard","Lithotomy drape (OPEN) | Ioban strip 6640EZ, 3in strips (2) (OPEN) | 4-0 vicryl SH (3) (OPEN) | 2-0 vicryl SH undyed (3) (OPEN) | 2-0 vicryl SH dyed (10) - closing (OPEN) | 5-0 monocryl PS-2 (2) (OPEN) | 2-0 vicryl UR6 (3) (OPEN) | Blue hooks (8) (OPEN) | Needle tip bovie #E1651 Lawson 100014 (OPEN) | Ligasure small jaw (OPEN) | 20mL syringe, 18g needle (OPEN) | Stapler (1) (OPEN) | 16Fr Foley (open 1, HA 1) | Bipolar cord (OPEN) | Bayonet insulated bipolar #20-13701 Lawson 013263 (OPEN) | Two suctions (one in pack)","Dressing: Kerlix (6), Mesh panties, New 16Fr Foley, Closing suture: 2-0 vicryl SH dyed (10) | Meds: Irrisept (1), 0.25% marcaine with epi 60mL, Bottle H2O (2)","Dr. Figler Cell: 216-339-0230"
"TG3","TG3","Metoidioplasty / Phalloplasty Stage 2","Gender Affirming","M-74397","11/13/25","Antibiotic: Unasyn (no redosing) | Complete paralysis (zero twitches) until skin closure | No Tburg, reverse Tburg, tilt | Confirm Lovenox | Confirm SCDs in place & functioning","Trumpf (preferred) or Skytron | Gel pad under torso | Allen Yellofin Elite stirrups (2 brackets) | Ioban strip 6640EZ (1/2) for hips | Lithotomy drape","Adson w teeth (2) | Gerald w teeth (2) | Black mets | Kidney basin for hooks & bovie | Tonsil | Hemostats (small roll)","None","Uro Minor | Perineal bookwalter | Uro recon | Weighted speculums | Head lamp | Flex cysto, Olympus tower (separate table) | URO suture cart | Ligasure machine (new) | Mayo stand | Kick bucket left of surgeon | Bipolar pedal left of surgeon | Sitting stools (4) | Neptune","Shave with clippers and blue razor | Super sponge + alcohol then chloraprep (2) | Cut/Coag/Bipolar: 15/15/20 (start) then 30/30/20 | Music: Volume 40%, doc computer at 100% | Write lithotomy time on board (ask surgeon) | Bovie 60 spray for vaginectomy ONLY | Grounding pad *after* positioning | Bookwalter bracket 'spinner up', near armboard","Lithotomy drape (OPEN) | Ioban strip 6650EZ, 3in strips (2) (OPEN) | 5-0 vicryl RB-1 (3) (OPEN) | 0 PDS (5) (OPEN) | 4-0 vicryl SH (3) (OPEN) | 2-0 vicryl SH undyed (3) (OPEN) | Blue hooks (8) (OPEN) | Needle tip bovie #E1651 Lawson 100014 (OPEN) | Ligasure small jaw (OPEN) | 20mL syringe, 18g needle (OPEN) | Stapler (1) (OPEN) | 16Fr Foley (1) (OPEN) | 12Fr Foley (1) (OPEN) | Bipolar cord (OPEN) | Bayonet insulated bipolar #20-13701 Lawson 013263 (OPEN) | Two suctions (one in pack) | Suprapubic tube kit: One step introducer G26655, 11 blade, 20g spinal needle (yellow), 16 Foley/bag, 10mL syringe (2) | Cysto tubing | On/off suction","Dressing: Kerlix (2), Mesh panties, New 16Fr Foley | Meds: Irrisept (1), 0.25% marcaine with epi 60mL, Bottle H2O (2)","Dr. Figler Cell: 216-339-0230"
"TG4","TG4","Orchiectomy (Gender Affirming)","Gender Affirming","M-75977","11/13/25","Antibiotic: Ancef | Confirm SCDs in place & functioning","Trumpf (preferred) or Skytron | Laparotomy drape","Adson w teeth (2) | Kelly | Gelpi | Medium Rich | Suture scissors | New 2-0 vicryl to tie each spermatic cord","None","Uro Minor | URO suture cart | Neptune","Shave with clippers and blue razor | Chloraprep (2) | Cut/Coag: 30/30 | Music: Volume 40%, doc computer at 100% | Grounding pad typically right thigh | Specimens: L and R testicle (separate, fresh)","Laparotomy drape (OPEN) | 20mL syringe, 18g needle (OPEN) | Stapler (1) (OPEN) | Suture: 2-0 vicryl SH (2), 3-0 chromic SH (1) (OPEN)","Dressing: Kerlix (2 HA), Mesh panties or jock strap (based on size, HA) | Meds: 0.25% marcaine with epi 30mL, Bottle H2O","Dr. Figler Cell: 216-339-0230"
"TG5","TG5","MPP Phallo (Malleable Penile Prosthesis s/p Phalloplasty)","Prosthesis & Implants","M-90889","11/13/25","Antibiotic: Unasyn (no redosing) | Complete paralysis (zero twitches) until skin closure | No Tburg, reverse Tburg, tilt | Confirm Lovenox | Confirm SCDs in place & functioning | Confirm rep & implants BEFORE rolling into room!","Trumpf (preferred) or Skytron | Gel pad under torso | Allen Yellofin Elite stirrups (2 brackets) | Ioban strip 6640EZ (1/2) for hips | Lithotomy drape","Adson w teeth (2) | Gerald w teeth (2) | Black mets | Kidney basin for hooks & bovie | Tonsil | Hemostats (small roll) | Sterile Implant Prep on Mayo: (1) Clean with super sponge + alcohol, (2) Shampoo with chlorhexidine + H2O, (3) Sterilize Chloraprep x 2, (4) Chloraprep x 1 after draping","None","Uro Minor | Perineal bookwalter | Flexible ureteroscope & tower (prep table) | HBR ORT Stryker CD System | HBR ORT Stryker Sterile Battery Small | HBR Uro Bone Instruments | HBR Uro Penile Extras | Hagar dilators (HA) | URO suture cart | Bipolar pedal left of surgeon | Sitting stools (4) | Neptune","Shave with clippers and blue razor | Super sponge + alcohol | Chloraprep (2) | Cut/Coag/Bipolar: 15/15/20 | Music: Volume 40%, doc computer at 100% | Write lithotomy time on board (ask surgeon) | Grounding pad *after* positioning | Bookwalter bracket 'spinner up', near armboard","Lithotomy drape (OPEN) | Ioban strip 6640EZ, 3in strips (2) (OPEN) | Blue hooks (4) (OPEN) | 12Fr Foley (HA) | 14Fr council Foley (HA) | 20mL syringe, 18g needle (OPEN) | Stapler (1) (OPEN) | Bipolar cord (OPEN) | Bayonet insulated bipolar #20-13701 Lawson 013263 (OPEN) | Two suctions (one in pack) | 0.038in zip wire (HA) | 5-French ureteral catheter (HA) | On/off suction | Needle tip bovie #E1651 Lawson 100014 (HA) | Implants: Boston Scientific/AMS Tactra (all diameters on standby) | Fibertak x 3 AR-8991","Dressing: Kerlix (2), Mesh panties or jock strap (based on size) | Meds: Irrisept (1), 0.25% marcaine with epi 60mL, Bottle H2O (2), 1L sterile H2O for cysto | For implant: Sterile NS (500mL), Two 50mL and one 20mL syringes, Eight mosquitos","Boston Scientific Rep: Will Gadd (919-368-5668) | Arthrex Rep: Nikki Hodgins (919-818-7776)"
"TG6","TG6","IPP Phallo (Inflatable Penile Prosthesis s/p Phalloplasty)","Prosthesis & Implants","M-90889","11/13/25","Antibiotic: Unasyn (no redosing) | Complete paralysis (zero twitches) until skin closure | No Tburg, reverse Tburg, tilt | Confirm Lovenox | Confirm SCDs in place & functioning | Confirm rep & implants BEFORE rolling into room!","Trumpf (preferred) or Skytron | Gel pad under torso | Allen Yellofin Elite stirrups (2 brackets) | Ioban strip 6640EZ (1/2) for hips | Lithotomy drape","Adson w teeth (2) | Gerald w teeth (2) | Black mets | Kidney basin for hooks & bovie | Tonsil | Hemostats (small roll) | Sterile Implant Prep on Mayo: (1) Clean with super sponge + alcohol, (2) Shampoo with chlorhexidine + H2O, (3) Sterilize Chloraprep x 2, (4) Chloraprep x 1 after draping","None","Uro Minor | Perineal bookwalter | Flexible ureteroscope & tower (prep table) | HBR ORT Stryker CD System | HBR ORT Stryker Sterile Battery Small | HBR Uro Bone Instruments | HBR Uro Penile Extras | Hagar dilators (HA) | URO suture cart | Bipolar pedal left of surgeon | Sitting stools (4) | Neptune","Shave with clippers and blue razor | Cut/Coag/Bipolar: 15/15/20 | Music: Volume 40%, doc computer at 100% | Write lithotomy time on board (ask surgeon) | Grounding pad *after* positioning | Bookwalter bracket 'spinner up', near armboard","Lithotomy drape (OPEN) | Ioban strip 6640EZ, 3in strips (2) (OPEN) | Blue hooks (4) (OPEN) | 12Fr Foley (HA) | 14Fr council Foley (HA) | 20mL syringe, 18g needle (OPEN) | Stapler (1) (OPEN) | Bipolar cord (OPEN) | Bayonet insulated bipolar #20-13701 Lawson 013263 (OPEN) | Two suctions (one in pack) | 0.038in zip wire (HA) | 5-French ureteral catheter (HA) | On/off suction | Needle tip bovie #E1651 Lawson 100014 (HA) | Implants: Boston Scientific/AMS Tactra / IPP | Fibertak x 3","Dressing: Kerlix (2), Mesh panties or jock strap (based on size) | Meds: Irrisept (1), 0.25% marcaine with epi 60mL, Bottle H2O (2), 1L sterile H2O for cysto | For implant: Sterile NS (500mL), Two 50mL and one 20mL syringes, Eight mosquitos","Boston Scientific Rep: Will Gadd (919-368-5668) | Arthrex Rep: Nikki Hodgins (919-818-7776)"
"TG7","TG7","Meta Stage 2 & Phallo Stage 2.5","Gender Affirming","M-83509","11/13/25","Antibiotic: Ancef | Confirm SCDs in place & functioning","Trumpf (preferred) or Skytron | Laparotomy drape","Adson w teeth (2) | Kelly | Gelpi | Medium Rich | Suture scissors","None","Uro Minor | URO suture cart | Neptune","Shave with clippers and blue razor | Chloraprep (2) | Cut/Coag: 30/30 | Music: Volume 40%, doc computer at 100% | Grounding pad typically right thigh | Specimens: L and R testicle (separate, fresh)","Laparotomy drape (OPEN) | 20mL syringe, 18g needle (OPEN) | 50mL syringe (local) | Stapler (1) (OPEN)","Dressing: Kerlix (2 HA), Mesh panties or jock strap (based on size, HA) | Meds: 0.25% marcaine with epi 30mL, Bottle H2O","Dr. Figler Cell: 216-339-0230"
"R1","R1","Urethroplasty (Lithotomy)","Urethral & Genital Recon","M-75978, M-75976","11/13/25","Antibiotic: Unasyn (no redosing) | Complete paralysis (zero twitches) until skin closure | No Tburg, reverse Tburg, tilt | Confirm Lovenox | Confirm SCDs in place & functioning","Trumpf (preferred) or Skytron | Gel pad under torso | Allen Yellofin Elite stirrups (2 brackets) | Lithotomy drape | Ioban strip 6650EZ, 3in strips (2) | Ioban strip 6640EZ (1/2) for hips","Adson w teeth (2) | Gerald w teeth (2) | Gerald without teeth (2) | Black mets | Kidney basin for hooks & bovie | Tonsil | Hemostats (small roll) | Buccal graft harvest table (HA - ask before opening): 25g hypo (7), 15 blade, 11 blade, utility drape, table cover, Raytecs","None","Uro Minor | Perineal bookwalter | Uro Recon | Uro buccal graft (HA) | Shods (HA) | Bone instruments (rarely needed) | Flexible cystoscope & tower (separate prep table) | URO suture cart | Bipolar pedal left of surgeon | Sitting stools (4) | Neptune","Shave with clippers and blue razor | Super sponge + alcohol | Chloraprep (2) | Cut/Coag/Bipolar: 30/30/20 | Music: Volume 40%, doc computer at 100% | Write lithotomy time on board (ask surgeon) | Grounding pad *after* positioning | Bookwalter bracket 'spinner up', near armboard | Specimen: urethral stricture (typically)","Lithotomy drape (OPEN) | Ioban strip 6650EZ, 3in strips (2) (OPEN) | 4-0 vicryl SH (3) (OPEN) | Blue hooks (8) (OPEN) | 20mL syringe, 18g needle (OPEN) | Stapler (1) (OPEN) | 16Fr Foley (open 1, HA 1) | Bipolar cord (OPEN) | Bayonet insulated bipolar #20-13701 Lawson 013263 (OPEN) | Two suctions (one in pack) | 1/4in penrose (HA) | 0.038in zip wire (HA) | 5-French ureteral catheter (HA) | On/off suction | Needle tip bovie #E1651 Lawson 100014 (HA)","Dressing: Kerlix (2), Mesh panties or jock strap (based on size) | Meds: Irrisept (1), 0.25% marcaine with epi 60mL, Bottle H2O (2), 1L sterile H2O for cysto","Dr. Figler Cell: 216-339-0230"
"R2","R2","Urethroplasty (Supine)","Urethral & Genital Recon","M-75978, M-75976","11/13/25","Antibiotic: Unasyn (no redosing) | Confirm SCDs in place & functioning","Trumpf (preferred) or Skytron | May use 2 pillows (ask) | Laparotomy drape | Ioban with pockets (not strips)","Adson w teeth (2) | Gerald w teeth (2) | Gerald without teeth (2) | Black mets | Kidney basin for hooks & bovie | Tonsil | Hemostats (small roll) | Buccal graft table (HA - ask before opening): 25g hypo (7), 15 blade, 11 blade, green towels (3), table cover, Raytecs, local 1% lido with epi","None","Uro Minor | Perineal bookwalter (unlikely, will ask) | Uro Recon | Uro buccal graft (HA) | Shods (unlikely, will ask) | Bone instruments (rarely needed) | Flexible cystoscope & tower (separate table) | URO suture cart | Bipolar pedal left of surgeon | Neptune","Shave with clippers and blue razor | Chloraprep (2) | Cut/Coag/Bipolar: 20/20/20 | Music: Volume 40%, doc computer at 100%","Laparotomy drape (OPEN) | Ioban with pockets (not strips) (OPEN) | 4-0 vicryl SH (3) (OPEN) | 20mL syringe, 18g needle (OPEN) | Stapler (1) (OPEN) | 16Fr Foley (open 1, HA 1) | Bipolar cord (OPEN) | Bayonet insulated bipolar #20-13701 Lawson 013263 (OPEN) | 1/4in penrose (HA) | 0.038in zip wire (HA) | 5-French ureteral catheter (HA) | Needle tip bovie #E1651 Lawson 100014 (HA)","Dressing: Kerlix (2 HA), Mesh panties or jock strap (based on size, HA), Kling (HA), Coban (HA) | Meds: Irrisept (1), 0.25% marcaine with epi 60mL, Bottle H2O (2)","Dr. Figler Cell: 216-339-0230"
"R3","R3","First-Stage Urethroplasty","Urethral & Genital Recon","M-75978, M-75976","11/13/25","Antibiotic: Unasyn (no redosing) | Confirm SCDs in place & functioning","Trumpf (preferred) or Skytron | May use 2 pillows (ask) | Laparotomy drape | Ioban with pockets (not strips)","Adson w teeth (2) | Gerald w teeth (2) | Gerald without teeth (2) | Black mets | Kidney basin for hooks & bovie | Tonsil | Hemostats (small roll) | Buccal graft table (HA - ask before opening): 25g hypo (7), 15 blade, 11 blade, utility drape, table cover, Raytecs","None","Uro Minor | Uro Recon | Uro buccal graft | Flexible cystoscope & tower (separate table) | URO suture cart | Bipolar pedal left of surgeon | Neptune","Shave with clippers and blue razor | Chloraprep (2) | Cut/Coag/Bipolar: 20/20/20 | Music: Volume 40%, doc computer at 100%","Laparotomy drape (OPEN) | Ioban with pockets (not strips) (OPEN) | 4-0 vicryl SH (3) (OPEN) | 50mL syringe, 18g needle (OPEN) | Stapler (1) (OPEN) | 16Fr Foley (open 1, HA 1) | Bipolar cord (OPEN) | Bayonet insulated bipolar #20-13701 Lawson 013263 (OPEN)","Dressing: Kerlix (2 HA), Mesh panties (cut hole), Kling (1), 2-0 vicryl SH dyed (8), Mineral oil 100mL | Meds: Irrisept (1), 0.25% marcaine with epi 60mL, Bottle H2O (2)","Dr. Figler Cell: 216-339-0230"
"R4","R4","Second-Stage Urethroplasty","Urethral & Genital Recon","M-75978","11/13/25","Antibiotic: Unasyn (no redosing) | Confirm SCDs in place & functioning","Trumpf (preferred) or Skytron | May use 2 pillows (ask) | Laparotomy drape | Ioban with pockets (not strips)","Adson w teeth (2) | Gerald w teeth (2) | Gerald without teeth (2) | Black mets | Kidney basin for hooks & bovie | Tonsil | Hemostats (small roll)","None","Uro Minor | Uro Recon | Flexible cystoscope & tower (separate table) | URO suture cart | Bipolar pedal left of surgeon | Neptune","Shave with clippers and blue razor | Chloraprep (2) | Cut/Coag/Bipolar: 20/20/20 | Music: Volume 40%, doc computer at 100%","Laparotomy drape (OPEN) | Ioban with pockets (not strips) (OPEN) | 4-0 vicryl SH (3) (OPEN) | 20mL syringe, 18g needle (OPEN) | Stapler (1) (OPEN) | 16Fr Foley (open 1, HA 1) | Bipolar cord (OPEN) | Bayonet insulated bipolar #20-13701 Lawson 013263 (OPEN) | Suprapubic tube kit: One step introducer G26655, 11 blade, 20g spinal needle (yellow), 16 Foley/bag, 10mL syringe (2) | Needle tip bovie #E1651 Lawson 100014 (HA)","Dressing: Kerlix (2 HA), Mesh panties or jock strap (based on size, HA), Kling (HA) | Meds: Irrisept (1), 0.25% marcaine with epi 60mL, Bottle H2O (2)","Dr. Figler Cell: 216-339-0230"
"R3_BURIED","R3-B","Buried Penis Repair","Urethral & Genital Recon","M-68613","11/13/25","Antibiotic: Unasyn (no redosing) | Confirm SCDs in place & functioning","Trumpf (preferred) or Skytron | 2 pillows | Universal drape | Ioban strip 6650EZ, 3in strips","Adson w teeth (2) | Gerald w teeth (2) | Gerald without teeth (2) | Black mets | Kidney basin for hooks & bovie | Tonsil | Hemostats (small roll)","None","Uro Minor | Dermatome | Mesher (HA) | Neptune | URO suture cart | Bipolar pedal left of surgeon | Flexible cystoscope & tower (unlikely, ask) | Mini-basket (blue wrap) - HA","Shave with clippers and blue razor | Chloraprep (2) | Cut/Coag/Bipolar: 30/30/20 | Music: Volume 40%, doc computer at 100%","Universal drape (OPEN) | Ioban strip 6650EZ, 3in strips (OPEN) | 2-0 Vicryl SH (1) (OPEN) | 20mL syringe, 18g needle (OPEN) | Stapler (1) (OPEN) | 16Fr Foley (open 1, HA 1) | Bipolar cord (OPEN) | Bayonet insulated bipolar #20-13701 Lawson 013263 (OPEN) | Needle tip bovie #E1651 Lawson 100014 (HA)","Dressing: Kerlix (3-4), Mesh panties or jock strap (based on size, HA), Kling (1), Xeroform 5x9 (2) | Meds: Irrisept (1), 0.25% marcaine with epi 60mL, 200mL mineral oil (open 100mL, HA 100mL)","Dr. Figler Cell: 216-339-0230"
"R4_AUS","R4-AUS","Artificial Urinary Sphincter (AUS)","Prosthesis & Implants","M-68103","11/13/25","Antibiotic: Unasyn (no redosing) | Complete paralysis (zero twitches) until skin closure | No Trendelenburg | Confirm Lovenox | Confirm SCDs in place & functioning","Trumpf (preferred) or Skytron | Gel pad under torso | Allen Yellofin Elite stirrups (2 brackets) | Ioban strip 6640EZ (1/2) for hips | Lithotomy drape","Adson w teeth (2) | Gerald w teeth (2) | Gerald without teeth (2) | Black mets | Kidney basin for hooks & bovie | Tonsil | Hemostats (small roll) | Sterile Implant Prep on Mayo: (1) Clean with super sponge + alcohol, (2) Shampoo with chlorhexidine + H2O, (3) Sterilize Chloraprep x 2, (4) Chloraprep x 1 after draping","None","Uro Minor | Perineal bookwalter | AUS tray | Flexible cystoscope & tower (separate prep table) | URO suture cart | Sitting stools (4) | Neptune","Shave with clippers and blue razor | Chloraprep (2) | Cut/Coag/Bipolar: 30/30/20 | Music: Volume 40%, doc computer at 100% | Write lithotomy time on board (ask surgeon) | Grounding pad *after* positioning | Bookwalter bracket 'spinner up', near armboard","Lithotomy drape (OPEN) | Ioban strip 6650EZ, 3in strips (5) (OPEN) | 4-0 vicryl SH (3) (OPEN) | Blue hooks (8) (OPEN) | 20mL syringe, 18g needle (OPEN) | Stapler (1) (OPEN) | 12Fr foley (HA) | Bipolar cord (HA) | Bayonet insulated bipolar #20-13701 Lawson 013263 (HA) | Two suctions (one in pack) | On/off suction","Dressing: Kerlix (2), Mesh panties or jock strap (based on size) | Meds: Irrisept (1), 0.25% marcaine with epi 60mL, Bottle H2O (2), 1L sterile H2O for cysto","Boston Scientific Rep: Will Gadd (919-368-5668) | Dr. Figler Cell: 216-339-0230"
"R5","R5","Open Suprapubic Tube Creation","Urethral & Genital Recon","M-75975","11/13/25","Antibiotic: Unasyn (no redosing) | Confirm SCDs in place & functioning","Trumpf (preferred) or Skytron | Laparotomy drape | Ioban with pockets","Adson w teeth (2) | Gerald w teeth (2) | Gerald without teeth (2) | Black mets | Kidney basin for sharps | Tonsil | Hemostats (small roll)","None","Uro Minor | Flexible cystoscope & tower (separate table) | URO suture cart | Neptune","Shave with clippers and blue razor | Super sponge + alcohol | Chloraprep (2) | Cut/Coag/Bipolar: 30/30/20 | Music: Volume 40%, doc computer at 100%","Laparotomy drape (OPEN) | Ioban with pockets (OPEN) | 20mL syringe, 18g needle (OPEN) | Stapler (1) (OPEN) | 18Fr Foley (OPEN) | 0.038in zip wire (HA) | 5-French ureteral catheter (HA)","Dressing: Kerlix (2), Mesh panties or jock strap (based on size) | Meds: Irrisept (1), 0.25% marcaine with epi 60mL, Bottle H2O (2)","Dr. Figler Cell: 216-339-0230"
"R8","R8","Endoscopic Realignment","Endo & General Uro","M-67813","11/13/25","Antibiotic: Unasyn (no redosing) | Confirm SCDs in place & functioning","Trumpf | Supine | Laparotomy drape | Ioban with pockets","Peel pack hemostat | Flexible cystoscopes (x2) on separate table","None","Peel pack hemostat | Flexible cystoscope & tower (x2) | C-arm","Chloraprep (1) | Music: Volume 40%, doc computer at 100% | C-arm: see drawing for position of C-arm and monitors","Laparotomy drape (OPEN) | Ioban with pockets (OPEN) | 16Fr Foley (HA 1) | Irrigation tubing 2C4041 (OPEN) | Glidewire (HA 1) | 10cc syringe (HA 1) | C-arm drape (1013)","Meds: 1,000mL bag of H2O, Lube (HA), Omnipaque (Do not mix/dilute)","Dr. Figler Cell: 216-339-0230"
"R9","R9","STSG (Split-Thickness Skin Graft) - Supine","Urethral & Genital Recon","M-68613","11/13/25","Antibiotic: Unasyn (no redosing) | Confirm SCDs in place & functioning","Trumpf (preferred) or Skytron | 2 pillows | Universal drape | 3/4 drape | Ioban strip 6650EZ, 3in strips","Adson w teeth (2) | Gerald w teeth (2) | Gerald without teeth (2) | Black mets | Kidney basin for hooks & bovie | Tonsil | Hemostats (small roll)","None","Uro Minor | Dermatome | Mesher (HA) | Neptune | URO suture cart | Bipolar pedal left of surgeon | Flexible cystoscope & tower (unlikely, ask)","Shave with clippers and blue razor | Chloraprep (2) | Cut/Coag/Bipolar: 30/30/20 | Music: Volume 40%, doc computer at 100%","Universal drape (OPEN) | Ioban strip 6650EZ, 3in strips (OPEN) | 3/4 drape (OPEN) | 20mL syringe, 18g needle (OPEN) | Stapler (1) (OPEN) | 16Fr Foley (HA 1) | Bipolar cord (OPEN) | Bayonet insulated bipolar #20-13701 Lawson 013263 (OPEN) | Needle tip bovie #E1651 Lawson 100014 (HA)","Dressing: Kerlix (3-4), Mesh panties or jock strap (based on size, HA), Kling (1), Xeroform 5x9 (2) | Meds: Irrisept (1), 0.25% marcaine with epi 60mL, 200mL mineral oil (100 open, 100 HA)","Dr. Figler Cell: 216-339-0230"
"R10","R10","STSG (Split-Thickness Skin Graft) - Lithotomy","Urethral & Genital Recon","M-68613","11/13/25","Antibiotic: Unasyn (no redosing) | Confirm SCDs in place & functioning","Trumpf (preferred) or Skytron | Gel pad under torso | Allen Yellofin Elite stirrups (2 brackets) | Lithotomy drape | Leggings (2) | Ioban strip 6650EZ, 3in strips","Adson w teeth (2) | Gerald w teeth (2) | Gerald without teeth (2) | Black mets | Kidney basin for hooks & bovie | Tonsil | Hemostats (small roll)","None","Uro Minor | Dermatome | Mesher (HA) | Neptune | URO suture cart | Bipolar pedal left of surgeon | Flexible cystoscope & tower (unlikely, ask) | Mini-basket (blue wrap) - HA","Shave with clippers and blue razor | Chloraprep (2) | Cut/Coag/Bipolar: 30/30/20 | Music: Volume 40%, doc computer at 100%","Lithotomy drape (OPEN) | Ioban strip 6650EZ, 3in strips (OPEN) | Leggings (2) (OPEN) | 20mL syringe, 18g needle (OPEN) | Stapler (1) (OPEN) | 16Fr Foley (HA 1) | Bipolar cord (OPEN) | Bayonet insulated bipolar #20-13701 Lawson 013263 (OPEN)","Dressing: Kerlix (3-4), Mesh panties or jock strap (based on size, HA), Kling (1), Xeroform 5x9 (2) | Meds: Irrisept (1), 0.25% marcaine with epi 60mL, 200mL mineral oil (100 open, 100 HA)","Dr. Figler Cell: 216-339-0230"
"R11","R11","Mohs Reconstruction","Urethral & Genital Recon","M-68613","11/13/25","Antibiotic: Unasyn (no redosing) | Confirm SCDs in place & functioning","Trumpf (preferred) or Skytron | 2 pillows | Universal drape | 3/4 drape | Ioban strip 6640EZ, 3in strips","Adson w teeth (2) | Gerald w teeth (2) | Gerald without teeth (2) | Black mets | Kidney basin for hooks & bovie | Tonsil | Hemostats (small roll)","None","Uro Minor | Dermatome | Mesher (HA) | Neptune | URO suture cart | Bipolar pedal left of surgeon | Flexible cystoscope & tower (ask)","Shave with clippers and blue razor | Chloraprep (2) | Cut/Coag/Bipolar: 30/30/20 | Music: Volume 40%, doc computer at 100%","Universal drape (OPEN) | Ioban strip 6640EZ, 3in strips (OPEN) | 3/4 drape (OPEN) | 20mL syringe, 18g needle (OPEN) | Stapler (1) (OPEN) | 16Fr Foley (HA 1) | Bipolar cord (OPEN) | Bayonet insulated bipolar #20-13701 Lawson 013263 (OPEN) | Needle tip bovie #E1651 Lawson 100014 (HA)","Dressing: Kerlix (3-4), Mesh panties or jock strap (based on size, HA), Kling (1), Xeroform 5x9 (2) | Meds: Irrisept (1), 0.25% marcaine with epi 60mL, 200mL mineral oil","Dr. Figler Cell: 216-339-0230"
"R12","R12","Advance XP Male Sling","Prosthesis & Implants","M-67342","11/13/25","Antibiotic: Unasyn (no redosing) | Confirm SCDs in place & functioning","Trumpf (preferred) or Skytron | Gel pad under torso | Allen Yellofin Elite stirrups (2 brackets) | Lithotomy drape | Ioban strip 6650EZ, 3in strips","Adson w teeth (2) | Gerald w teeth (2) | Gerald without teeth (2) | Black mets | Kidney basin for hooks & bovie | Tonsil | Hemostats (small roll) | Sterile Implant Prep on Mayo: (1) Super sponge + alcohol, (2) Shampoo chlorhexidine + H2O, (3) Chloraprep x 2, (4) Chloraprep x 1 after draping","None","Uro Minor | Flexible cystoscope & tower | URO suture cart | Bipolar pedal left of surgeon | Neptune","Shave with clippers and blue razor | Chloraprep (2) | Cut/Coag/Bipolar: 30/30/20 | Music: Volume 40%, doc computer at 100%","Implant: Boston Scientific Advance XP | Lithotomy drape (OPEN) | Ioban strip 6650EZ, 3in strips (OPEN) | 20mL syringe, 18g needle (OPEN) | Stapler (1) (OPEN) | 16Fr Foley (HA 1) | Bipolar cord (OPEN) | Bayonet insulated bipolar #20-13701 Lawson 013263 (OPEN)","Dressing: Kerlix (3-4), Mesh panties or jock strap (based on size, HA), Kling (1), Xeroform 5x9 (2) | Meds: Irrisept (1), 0.25% marcaine with epi 60mL","Boston Scientific Rep: Will Gadd (919-368-5668) | Dr. Figler Cell: 216-339-0230"
"R13","13","Penile Plication","Urethral & Genital Recon","M-68613, M-75053","11/13/25","Antibiotic: Ancef | Confirm SCDs in place & functioning","Trumpf (preferred) or Skytron | Laparotomy drape | Ioban with pockets | 3/4 drape","Adson w teeth (2) | Gerald w teeth (2) | Gerald without teeth (2) | Black mets | Kidney basin for hooks & bovie | Tonsil | Hemostats (small roll)","None","Uro Minor | Neptune | URO suture cart | Bipolar pedal left of surgeon | Flexible cystoscope on separate table (if needed)","Shave with clippers and blue razor | Chloraprep (2) | Cut/Coag/Bipolar: 30/30/20 | Music: Volume 40%, doc computer at 100%","Laparotomy drape (OPEN) | Ioban with pockets (OPEN) | 3/4 drape (OPEN) | 20mL syringe, 18g needle (OPEN) | 50mL syringe (local) | Stapler (1) (OPEN) | Bipolar cord (OPEN) | Bayonet insulated bipolar #20-13701 Lawson 013263 (OPEN)","Dressing: Kling (1), Kerlix (1) | Meds: Irrisept (1), 0.25% marcaine with epi 60mL, Papaverine 60mg/2mL","Dr. Figler Cell: 216-339-0230"
"R14","R14","Inflatable Penile Prosthesis (IPP - Cis-gender)","Prosthesis & Implants","M-67389","11/13/25","Antibiotic: Unasyn (no redosing) | Confirm SCDs in place & functioning | Confirm rep & implants before rolling into room!","Trumpf (preferred) or Skytron | 2 pillows | Laparotomy drape | Ioban with pockets | 3/4 drape","Adson w teeth (2) | Gerald w teeth (2) | Black mets | Kidney basin for hooks & bovie | Tonsil | Hemostats (small roll) | Sterile Implant Prep: (1) Clean with super sponge + alcohol, (2) Shampoo with chlorhexidine + H2O, (3) Sterilize Chloraprep x 2, (4) Chloraprep x 1 after draping","None","Uro Minor | Uro penile extras | Neptune | URO suture cart | Flexible cystoscope & tower (unlikely, ask) | SKW Deep Scrotal Retraction 72403867","Shave with clippers and blue razor | Chloraprep (2) | Cut/Coag/Bipolar: 30/30/20 | Music: Volume 40%, doc computer at 100%","Laparotomy drape (OPEN) | Ioban with pockets (OPEN) | 3/4 drape (OPEN) | 20mL syringe, 18g needle (OPEN) | 50mL syringe (local) | Stapler (1) (OPEN) | Bipolar cord (HA) | Bayonet insulated bipolar #20-13701 Lawson 013263 (HA) | Needle tip bovie #E1651 Lawson 100014 (HA)","Dressing: Kerlix (3-4), Mesh panties or jock strap (based on size, HA), Kling (1), Xeroform 5x9 (2) | Meds: Irrisept (1), 0.25% marcaine with epi 60mL","Boston Scientific Rep: Will Gadd (919-368-5668) | Dr. Figler Cell: 216-339-0230"
"R15","R15","Hidradenitis Suppurativa Excision (Lithotomy)","Urethral & Genital Recon","M-77941","1/17/26","Antibiotic: Unasyn (no redosing) | Confirm SCDs in place & functioning","Trumpf (preferred) or Skytron | Gel pad under torso | Allen Yellofin Elite stirrups (2 brackets) | Lithotomy drape | Ioban strip 6650EZ, 3in strips","Adson w teeth (2) | Gerald w teeth (2) | Gerald without teeth (2) | Black mets | Kidney basin for hooks & bovie | Tonsil | Hemostats (small roll)","None","Uro Minor | Neptune | URO suture cart | Bipolar pedal left of surgeon | Flexible cystoscope & tower","Shave with clippers and blue razor | Chloraprep (2) | Cut/Coag/Bipolar: 30/30/20 | Music: Volume 40%, doc computer at 100%","Lithotomy drape (OPEN) | Ioban strip 6650EZ, 3in strips (OPEN) | 20mL syringe, 18g needle (OPEN) | 50mL syringe (local) | Stapler (1) (OPEN) | 16Fr Foley (HA 1) | Bipolar cord (HA) | Bayonet insulated bipolar #20-13701 Lawson 013263 (HA) | Ligasure small jaw","Dressing: Kerlix (3-4), Mesh panties or jock strap (based on size, HA), Kling (1), Xeroform 5x9 (2) | Meds: Irrisept (1), 0.25% marcaine with epi 60mL","Dr. Figler Cell: 216-339-0230"
"R16","R16","Hidradenitis Suppurativa Excision (Supine)","Urethral & Genital Recon","M-77941","1/17/26","Antibiotic: Unasyn (no redosing) | Confirm SCDs in place & functioning","Trumpf (preferred) or Skytron | 2 pillows (sometimes, ask) | Laparotomy drape","Adson w teeth (2) | Gerald w teeth (2) | Black mets | Kidney basin for hooks & bovie | Tonsil | Hemostats (small roll)","None","Uro Minor | Neptune | URO suture cart | Flexible cystoscope on separate table (if needed)","Shave with clippers and blue razor | Chloraprep (2) | Cut/Coag/Bipolar: 30/30/20 | Music: Volume 40%, doc computer at 100%","Laparotomy drape (OPEN) | 20mL syringe, 18g needle (OPEN) | 50mL syringe (local) | Stapler (1) (OPEN) | 16Fr Foley (HA 1) | Bipolar cord (HA) | Bayonet insulated bipolar #20-13701 Lawson 013263 (HA) | Needle tip bovie #E1651 Lawson 100014 (HA) | Ligasure small jaw","Dressing: Kerlix (3-4), Mesh panties or jock strap (based on size, HA) | Meds: Irrisept (HA 1), 0.25% marcaine with epi 60mL","Dr. Figler Cell: 216-339-0230"
"R17","R17","Vaginoplasty Stage 2 / Revision","Gender Affirming","M-67342, M-91325","11/13/25","Antibiotic: Unasyn (no redosing) | Confirm SCDs in place & functioning","Trumpf (preferred) or Skytron | Gel pad under torso | Allen Yellofin Elite stirrups (2 brackets) | Lithotomy drape | Ioban strip 6650EZ, 3in strips","Adson w teeth (2) | Gerald w teeth (2) | Gerald without teeth (2) | Black mets | Kidney basin for hooks & bovie | Tonsil | Hemostats (small roll)","None","Uro Minor | Neptune | URO suture cart | Bipolar pedal left of surgeon | Flexible cystoscope & tower","Shave with clippers and blue razor | Chloraprep (2) | Cut/Coag/Bipolar: 30/30/20 | Music: Volume 40%, doc computer at 100%","Lithotomy drape (OPEN) | Ioban strip 6650EZ, 3in strips (OPEN) | 20mL syringe, 18g needle (OPEN) | 50mL syringe (local) | Stapler (1) (OPEN) | 16Fr Foley (HA 1) | Bipolar cord (HA) | Bayonet insulated bipolar #20-13701 Lawson 013263 (HA)","Dressing: Kerlix (3-4), Mesh panties or jock strap (based on size, HA), Kling (1), Xeroform 5x9 (2) | Meds: Irrisept (1), 0.25% marcaine with epi 60mL","Dr. Figler Cell: 216-339-0230"
"G1","G1","Rigid Cysto +/- Stent / URS / TURBT","Endo & General Uro","M-67904, M-667314","11/13/25","Antibiotic: Unasyn (no redosing) | Confirm SCDs in place & functioning","Trumpf (preferred) or Skytron | Gel pad under torso | Allen Yellofin Elite stirrups (2 brackets) | Lithotomy drape | Ioban strip 6640EZ, 3in strips","Standard cysto setup | Cysto pack","None","Rigid cysto | Neptune","Chloraprep (1) | Music: Volume 40%, doc computer at 100%","Lithotomy drape (OPEN) | Ioban strip 6640EZ, 3in strips (OPEN) | 16Fr Foley (HA 1) | Glidewire straight (HA 1) | 5-French ureteral catheter (HA 1) | JJ stent (ask)","Meds: Contrast (dilute 1:1)","Dr. Figler Cell: 216-339-0230"
"G2","G2","Minor Supine","Endo & General Uro","M-75977","11/13/25","Antibiotic: Unasyn (no redosing) | Confirm SCDs in place & functioning","Trumpf (preferred) or Skytron | 2 pillows (sometimes, ask) | Laparotomy drape","Adson w teeth (2) | Gerald w teeth (2) | Black mets | Kidney basin for hooks & bovie | Tonsil | Hemostats (small roll)","None","Uro Minor | Neptune | URO suture cart | Flexible cysto on separate table (if needed)","Shave with clippers and blue razor | Chloraprep (2) | Cut/Coag/Bipolar: 30/30/20 | Music: Volume 40%, doc computer at 100%","Laparotomy drape (OPEN) | 20mL syringe, 18g needle (OPEN) | 50mL syringe (local) | Stapler (1) (OPEN) | 16Fr Foley (HA 1) | Bipolar cord (HA) | Bayonet insulated bipolar #20-13701 Lawson 013263 (HA) | Needle tip bovie #E1651 Lawson 100014 (HA)","Dressing: Kerlix (3-4), Mesh panties or jock strap (based on size, HA) | Meds: Irrisept (HA 1), 0.25% marcaine with epi 60mL","Dr. Figler Cell: 216-339-0230"
"G3","G3","Minor Lithotomy","Endo & General Uro","M-67342","11/13/25","Antibiotic: Unasyn (no redosing) | Confirm SCDs in place & functioning","Trumpf (preferred) or Skytron | Gel pad under torso | Allen Yellofin Elite stirrups (2 brackets) | Lithotomy drape | Ioban strip 6650EZ, 3in strips","Adson w teeth (2) | Gerald w teeth (2) | Gerald without teeth (2) | Black mets | Kidney basin for hooks & bovie | Tonsil | Hemostats (small roll)","None","Uro Minor | Neptune | URO suture cart | Bipolar pedal left of surgeon | Flexible cystoscope & tower","Shave with clippers and blue razor | Chloraprep (2) | Cut/Coag/Bipolar: 30/30/20 | Music: Volume 40%, doc computer at 100%","Lithotomy drape (OPEN) | Ioban strip 6650EZ, 3in strips (OPEN) | 20mL syringe, 18g needle (OPEN) | 50mL syringe (local) | Stapler (1) (OPEN) | 16Fr Foley (HA 1) | Bipolar cord (HA) | Bayonet insulated bipolar #20-13701 Lawson 013263 (HA)","Dressing: Kerlix (3-4), Mesh panties or jock strap (based on size, HA), Kling (1), Xeroform 5x9 (2) | Meds: Irrisept (1), 0.25% marcaine with epi 60mL","Dr. Figler Cell: 216-339-0230"
"G4","G4","Cysto / Dilation (NO RUG)","Endo & General Uro","M-67813","11/13/25","Antibiotic: Unasyn (no redosing) | Confirm SCDs in place & functioning","Trumpf (preferred) or Skytron | 2 pillows | Orange medium gel for bump | Supine | Laparotomy drape","Flexible cysto on separate table | Peel pack hemostat","None","Peel pack hemostat | Flexible cystoscope & tower","Chloraprep (1) | Music: Volume 40%, doc computer at 100%","Laparotomy drape (OPEN) | 16Fr Foley (HA 1) | Irrigation tubing 2C4041 (OPEN) | Glidewire (HA 1) | 5Fr ureteral catheter G15944 (HA 1) | 10cc syringe (HA 1) | 4cm 30-French Balloon M0062251050 (HA) | 12cm 30-French Balloon (HA) | Encore Inflation Device M0067101140 (HA)","Meds: 1,000mL bag of H2O, Lube (HA)","Dr. Figler Cell: 216-339-0230"
"G5","G5","Cysto / Dilation (+RUG) & Optilume","Endo & General Uro","M-67813, M-110989","11/13/25","Antibiotic: Unasyn (no redosing) | Confirm SCDs in place & functioning","Trumpf (preferred) or Skytron | 2 pillows | Orange medium gel for bump | Supine with bump | Laparotomy drape | Patient at end of bed, C-arm under pelvis","Flexible cysto on separate table | Peel pack hemostat","None","Peel pack hemostat | Flexible cystoscope & tower | C-arm tower","Chloraprep (1) | Music: Volume 40%, doc computer at 100% | C-arm drape (1013)","Laparotomy drape (OPEN) | 16Fr Foley (HA 1) | 8Fr Foley (1) (OPEN) | Irrigation tubing 2C4041 (OPEN) | Glidewire (HA 1) | 5Fr ureteral catheter G15944 (HA 1) | 10cc syringe (HA 1) | 3cc syringe (HA 1) | C-arm drape (1013) (OPEN) | 4cm 30-French Balloon M0062251050 (HA) | 12cm 30-French Balloon (HA) | Encore Inflation Device M0067101140 (HA) | Optilume Dilator (HA)","Meds: 1,000mL bag of H2O, Lube (HA), Omnipaque (Do not mix/dilute)","Dr. Figler Cell: 216-339-0230"
"PHALLO_UNC_1","P1","Phalloplasty (Stage 1) - UNCSH","Gender Affirming","M-84677, M-76028","11/20/25","Antibiotic: Per plastics | Confirm SCDs in place & functioning","Major instructions per plastic surgery | 2 pillows | Laparotomy drape","Standard reconstructive instruments per plastic surgery & uro team","None","Uro Minor | Neptune on high","Shave with clippers and blue razor | Chloraprep (2) | Cut/Coag/Bipolar: 30/30/20 | Music: Volume 40%, doc computer at 100%","Laparotomy drape (OPEN) | Blue sticks x 4 (OPEN) | 4-0 vicryl SH (3) (OPEN) | Vessel loops (OPEN) | Stapler (1) (OPEN) | 16Fr Foley (HA 1) | Bipolar cord (HA) | Bayonet insulated bipolar #20-13701 Lawson 013263 (HA) | Needle tip bovie #E1651 Lawson 100014 (HA) | Clips, small | Gelpi | Ligasure small jaw | Ioban cut into 3in strips","Dressing: Kerlix (3-4), Mesh panties or jock strap (based on size, HA), Kling (1), Xeroform 5x9 (2)","Dr. Figler Cell: 216-339-0230"
"PHALLO_UNC_ONE","P-ONE","Phalloplasty (One Stage) - UNCSH","Gender Affirming","M-84677, M-76028","11/20/25","Antibiotic: Per plastics | Confirm SCDs in place & functioning","Major instructions per plastic surgery | 2 pillows | Laparotomy drape","Standard reconstructive instruments per plastic surgery & uro team","None","Uro Minor | Neptune on high","Shave with clippers and blue razor | Chloraprep (2) | Cut/Coag/Bipolar: 30/30/20 | Music: Volume 40%, doc computer at 100%","Laparotomy drape (OPEN) | Blue sticks x 4 (OPEN) | 4-0 vicryl SH (3) (OPEN) | Vessel loops (OPEN) | Stapler (1) (OPEN) | 16Fr Foley (HA 1) | Bipolar cord (HA) | Bayonet insulated bipolar #20-13701 Lawson 013263 (HA) | Needle tip bovie #E1651 Lawson 100014 (HA) | Clips, small | Gelpi | Ligasure small jaw | Ioban cut into 3in strips | Suprapubic tube: One step introducer G26655, 11 blade, 20g spinal needle (yellow), 16 Foley/bag, 10mL syringe (2)","Dressing: Kerlix (3-4), Mesh panties or jock strap (based on size, HA), Kling (1), Xeroform 5x9 (2)","Dr. Figler Cell: 216-339-0230"
