"Item_Name","Category","Item_Number","Lawson_Number","Unit","Associated_Preference_Cards","Bin_Locations"
"2 needed for vaginoplasty casesGenerator Ligasure","Capital Equipment","","","EA","M-74397, M-75977, M-83968, M-91325, M-107797","OR Core / Equipment Room"
"C Arm","Capital Equipment","","","EA","M-67813, M-67904, M-78820, M-110989","OR Core / Equipment Room"
"Console RFID","Capital Equipment","","","EA","M-67342, M-67389, M-67813, M-67904, M-68103, M-68108, M-68200, M-68363, M-68613, M-69077, M-69622, M-70802, M-70803, M-74204, M-74397, M-75053, M-75975, M-75977, M-75978, M-77027, M-77941, M-78820, M-78821, M-81955, M-83509, M-83968, M-84075, M-84076, M-84077, M-84079, M-90614, M-90889, M-91325, M-107797, M-110989","OR Core / Equipment Room"
"Device Spy Phi","Capital Equipment","","","EA","M-74397","OR Core / Equipment Room"
"ESU","Capital Equipment","","","EA","M-67342, M-67389, M-67813, M-68103, M-68108, M-68200, M-68363, M-68613, M-69077, M-69622, M-70802, M-70803, M-74204, M-74397, M-75053, M-75977, M-75978, M-77027, M-77941, M-78820, M-78821, M-81955, M-83509, M-83968, M-84075, M-84076, M-84077, M-84079, M-90614, M-90889, M-91325, M-107797, M-110989","OR Core / Equipment Room"
"Generator Bipolar","Capital Equipment","","","EA","M-68200","OR Core / Equipment Room"
"Generator Ligasure","Capital Equipment","","","EA","M-77941, M-81955","OR Core / Equipment Room"
"Headlight","Capital Equipment","","","EA","M-68103, M-74397","OR Core / Equipment Room"
"Laser CO2 SSI","Capital Equipment","","","EA","M-69077, M-70802, M-77027","OR Core / Equipment Room"
"Laser Holmium","Capital Equipment","","","EA","M-67904","OR Core / Equipment Room"
"OLYMPUS HDWarmer Forced Air","Capital Equipment","","","EA","M-67813, M-110989","OR Core / Equipment Room"
"OLYMPUSWarmer Forced Air","Capital Equipment","","","EA","M-67904","OR Core / Equipment Room"
"Saline Resector EquipmentSequential Compression Device","Capital Equipment","","","EA","M-68200","OR Core / Equipment Room"
"Scale Small Plastics","Capital Equipment","","","EA","M-78820","OR Core / Equipment Room"
"Sequential Compression Device","Capital Equipment","","","EA","M-67342, M-67389, M-67813, M-67904, M-68103, M-68108, M-68363, M-68613, M-69077, M-69622, M-70802, M-70803, M-74204, M-74397, M-75053, M-75975, M-75978, M-77027, M-77941, M-78820, M-78821, M-81955, M-83509, M-83968, M-84075, M-84076, M-84077, M-84079, M-90889, M-107797, M-110989","OR Core / Equipment Room"
"Stand Mayo","Capital Equipment","","","EA","M-67342, M-74397, M-75977, M-75978, M-83968, M-91325, M-107797","OR Core / Equipment Room"
"Suction Neptune","Capital Equipment","","","EA","M-67342, M-67389, M-67813, M-67904, M-68103, M-68108, M-68200, M-68363, M-68613, M-69077, M-69622, M-70802, M-70803, M-74204, M-74397, M-75053, M-75975, M-75977, M-75978, M-77027, M-77941, M-78820, M-78821, M-83509, M-83968, M-84075, M-84076, M-84077, M-84079, M-90614, M-90889, M-91325, M-107797, M-110989","OR Core / Equipment Room"
"Table Back Large","Capital Equipment","","","EA","M-67342, M-74397, M-75977, M-75978, M-83968, M-91325, M-107797","OR Core / Equipment Room"
"Table Maquet AlphaMaxx","Capital Equipment","","","EA","M-67813, M-67904, M-68200, M-84079, M-110989","OR Core / Equipment Room"
"Table OR Skytron","Capital Equipment","","","EA","M-67342, M-75978, M-90614, M-91325","OR Core / Equipment Room"
"Table OR Trumpf 7000","Capital Equipment","","","EA","M-74397, M-75977, M-83968, M-94335, M-107797","OR Core / Equipment Room"
"Video Tower","Capital Equipment","","","EA","M-67342, M-67813, M-67904, M-68103, M-74397, M-75975, M-75978, M-77027, M-84079, M-91325, M-110989","OR Core / Equipment Room"
"Warmer Fluid","Capital Equipment","","","EA","M-68200","OR Core / Equipment Room"
"Warmer Forced Air","Capital Equipment","","","EA","M-67342, M-67389, M-68103, M-68108, M-68200, M-68363, M-69077, M-69622, M-70802, M-70803, M-74204, M-74397, M-75053, M-75975, M-75977, M-75978, M-77027, M-77941, M-78820, M-78821, M-81955, M-83509, M-83968, M-84075, M-84076, M-84077, M-84079, M-90614, M-90889, M-91325, M-107797","OR Core / Equipment Room"
"0sodium chloride 0.9% (NS) irrigation (0 mL)","Drug / Medication","","","EA","M-68613","Pharmacy / Pyxis"
"Comments: Cysto irrigationsterile water for irrigation (1,000 mL)","Drug / Medication","","","EA","M-75975","Pharmacy / Pyxis"
"Comments: HA - May use if neededsodium chloride 0.9% (NS) irrigation (1,000 mL)","Drug / Medication","","","EA","M-75053","Pharmacy / Pyxis"
"Comments: HAsodium chloride 0.9% (NS) irrigation (3,000 mL)","Drug / Medication","","","EA","M-68200","Pharmacy / Pyxis"
"Comments: h/asodium chloride 0.9% (NS) irrigation (1,000 mL)","Drug / Medication","","","EA","M-70803","Pharmacy / Pyxis"
"EPINEPHrine (PEDIATRIC) 30 mg/1000 mL (30 mcg/mL) in NS topical solution0. (03 mL)","Drug / Medication","","","EA","M-83968, M-107797","Pharmacy / Pyxis"
"OR injection builder (0 mL)","Drug / Medication","","","EA","M-67342, M-67389, M-67813, M-67904, M-68103, M-68108, M-68200, M-68363, M-68613, M-69622, M-70802, M-70803, M-74204, M-74397, M-75053, M-75975, M-75978, M-77027, M-78820, M-78821, M-81955, M-83509, M-83968, M-84075, M-84076, M-84077, M-84079, M-90889, M-91325, M-107797, M-110989","Pharmacy / Pyxis"
"bacitracin ointment (1 Application)","Drug / Medication","","","EA","M-83968, M-107797","Pharmacy / Pyxis"
"bacitracin ointment1 application.11bupivacaine (MARCAINE-PF) injection 0.25% (1 mg)","Drug / Medication","","","EA","M-68363","Pharmacy / Pyxis"
"bacitracin ointment2 application.20bupivacaine (MARCAINE-PF) injection 0.25% (60 mL)","Drug / Medication","","","EA","M-91325","Pharmacy / Pyxis"
"bupivacaine (MARCAINE-PF) injection 0.25% (1 mL)","Drug / Medication","","","EA","M-67342, M-68108, M-74204, M-75053","Pharmacy / Pyxis"
"bupivacaine 0.25%-EPINEPHrine 1:200,000 (MARCAINE-PF w/EPI) injection (30 mL)","Drug / Medication","","","EA","M-67342, M-67389, M-68103, M-68108, M-68200, M-68613, M-69622, M-70802, M-70803, M-74204, M-74397, M-75053, M-75975, M-75977, M-75978, M-77027, M-77941, M-78820, M-78821, M-83968, M-84075, M-84076, M-84077, M-90889, M-107797","Pharmacy / Pyxis"
"gentamicin injection (40 mg/mL)","Drug / Medication","","","EA","M-67389, M-84075, M-84076, M-84077","Pharmacy / Pyxis"
"gentamicin injection 40 mg/mL (6 mL)","Drug / Medication","","","EA","M-68103","Pharmacy / Pyxis"
"iohexol (OMNIPAQUE) 300 mg iodine/mL solution (0 mL)","Drug / Medication","","","EA","M-67904","Pharmacy / Pyxis"
"lidocaine (XYLOCAINE UROJET) jelly 2% applicator (10 mL)","Drug / Medication","","","EA","M-68200","Pharmacy / Pyxis"
"lidocaine (XYLOCAINE) 1 % injection (30 mL)","Drug / Medication","","","EA","M-74204","Pharmacy / Pyxis"
"lidocaine 1%-EPINEPHrine 1:100,000 injection (1 mL)","Drug / Medication","","","EA","M-68613, M-70802","Pharmacy / Pyxis"
"matrix hemostatic sealant (FLOSEAL) (10 mL)","Drug / Medication","","","EA","M-70803","Pharmacy / Pyxis"
"mg10lidocaine (XYLOCAINE) 1 % injection (20 mL)","Drug / Medication","","","EA","M-67389, M-84075, M-84076, M-84077","Pharmacy / Pyxis"
"mineral oil, light sterile (MURI-LUBE OIL) (10 mL)","Drug / Medication","","","EA","M-67342, M-68613","Pharmacy / Pyxis"
"papaverine injection (60 mL)","Drug / Medication","","","EA","M-68108","Pharmacy / Pyxis"
"papaverine injection (60 mg)","Drug / Medication","","","EA","M-75053","Pharmacy / Pyxis"
"sodium chloride 0.9 % bacteriostatic injection (250 mL)","Drug / Medication","","","EA","M-67389, M-68103, M-68108, M-84075, M-84076, M-84077","Pharmacy / Pyxis"
"sodium chloride 0.9% (NS) infusion (500 mL)","Drug / Medication","","","EA","M-75053","Pharmacy / Pyxis"
"sodium chloride 0.9% (NS) irrigation (1,000 mL)","Drug / Medication","","","EA","M-67389, M-67904, M-68108, M-83509, M-83968, M-84075, M-84076, M-84077, M-107797","Pharmacy / Pyxis"
"sterile water for irrigation (1,000 mL)","Drug / Medication","","","EA","M-67342, M-67389, M-67813, M-68103, M-68108, M-69622, M-70802, M-74204, M-74397, M-75053, M-75975, M-75977, M-75978, M-77941, M-83509, M-83968, M-84075, M-84076, M-84077, M-84079, M-90889, M-91325, M-107797, M-110989","Pharmacy / Pyxis"
"thrombin-fibrinogen-aprotin-Ca (TISSEEL VHSD) 10 (1 mL)","Drug / Medication","","","EA","M-67342, M-83968, M-91325, M-107797","Pharmacy / Pyxis"
"H/AHBR URO Perineal Bookwalter A","Instrument / Tray","","","TRAY","M-91325","Sterile Processing / Core"
"HAVE AVAILABLEHBR GEN Stryker 1788 AIM Camera Head","Instrument / Tray","","","TRAY","M-77027","Sterile Processing / Core"
"HBR GEN Bookwalter Retractor A","Instrument / Tray","","","TRAY","M-78821, M-81955","Sterile Processing / Core"
"HBR GEN Bookwalter Retractor B","Instrument / Tray","","","TRAY","M-78821, M-81955","Sterile Processing / Core"
"HBR GEN Hemolok Clip Applier","Instrument / Tray","","","TRAY","M-81955","Sterile Processing / Core"
"HBR GEN Horizon Clip Applier","Instrument / Tray","","","TRAY","M-69622","Sterile Processing / Core"
"HBR GEN Laser Handpieces CO","Instrument / Tray","","","TRAY","M-70802, M-77027","Sterile Processing / Core"
"HBR GEN Major","Instrument / Tray","","","TRAY","M-78821, M-81955","Sterile Processing / Core"
"HBR GEN Metal Graduated Pitcher","Instrument / Tray","","","TRAY","M-68200","Sterile Processing / Core"
"HBR GEN Stryker 1788 AIM Camera Head","Instrument / Tray","","","TRAY","M-67342, M-67813, M-68200, M-75975, M-84079, M-91325, M-94335, M-110989","Sterile Processing / Core"
"HBR GYN Miyazaki Lighted Retractor","Instrument / Tray","","","TRAY","M-91325","Sterile Processing / Core"
"HBR GYN Weighted Speculums","Instrument / Tray","","","TRAY","M-74397, M-78820, M-94335","Sterile Processing / Core"
"HBR ORT Stryker CD System","Instrument / Tray","","","TRAY","M-90889","Sterile Processing / Core"
"HBR ORT Stryker Sterile Battery Small","Instrument / Tray","","","TRAY","M-90889","Sterile Processing / Core"
"HBR URO Bougie a Boule Urethral Dilators","Instrument / Tray","","","TRAY","M-77027, M-78820","Sterile Processing / Core"
"HBR URO Buccal","Instrument / Tray","","","TRAY","M-75976","Sterile Processing / Core"
"HBR URO Olympus Cystoscope 4mm 30 Degree","Instrument / Tray","","","TRAY","M-67904, M-68200, M-77027","Sterile Processing / Core"
"HBR URO Olympus Cystoscopy","Instrument / Tray","","","TRAY","M-67904, M-68200, M-78820","Sterile Processing / Core"
"HBR URO Olympus Flexible Ureteroscope","Instrument / Tray","","","TRAY","M-90889","Sterile Processing / Core"
"HBR URO Olympus HD Flexible Cystoscope","Instrument / Tray","","","TRAY","M-67813, M-74397, M-75978, M-84079, M-110989","Sterile Processing / Core"
"HBR URO Olympus HD Flexible Ureteroscope","Instrument / Tray","","","TRAY","M-67904, M-75975","Sterile Processing / Core"
"HBR URO Olympus HD Light Cord Tray","Instrument / Tray","","","TRAY","M-67904","Sterile Processing / Core"
"HBR URO Penile Extras","Instrument / Tray","","","TRAY","M-67389, M-84075, M-84076, M-84077, M-90889","Sterile Processing / Core"
"HBR URO Perineal Bookwalter A","Instrument / Tray","","","TRAY","M-67342, M-74397, M-75978, M-83968, M-107797","Sterile Processing / Core"
"HBR URO Perineal Bookwalter B","Instrument / Tray","","","TRAY","M-67342, M-74397, M-75978, M-83968, M-90889, M-91325, M-107797","Sterile Processing / Core"
"HBR URO Recon","Instrument / Tray","","","TRAY","M-67342, M-74397, M-75978, M-91325","Sterile Processing / Core"
"HBR URO Urethral Sounds","Instrument / Tray","","","TRAY","M-67904, M-68200","Sterile Processing / Core"
"HBR URO Urology Long Extras","Instrument / Tray","","","TRAY","M-78821, M-81955","Sterile Processing / Core"
"HBR URO Urology Minor","Instrument / Tray","","","TRAY","M-68108, M-68363, M-68613, M-69077, M-69622, M-70802, M-70803, M-74397, M-75053, M-75975, M-75977, M-77027, M-77941, M-78820, M-83509, M-83968, M-90614, M-90889, M-107797","Sterile Processing / Core"
"HBR URO Vaginoplasty","Instrument / Tray","","","TRAY","M-83968, M-91325, M-94335","Sterile Processing / Core"
"HBR URO Walther Female Dilators","Instrument / Tray","","","TRAY","M-68200","Sterile Processing / Core"
"HBR URO Zimmer Air Dermatome","Instrument / Tray","","","TRAY","M-68613","Sterile Processing / Core"
"Have AvailableHBR URO Walther Female Dilators","Instrument / Tray","","","TRAY","M-67904","Sterile Processing / Core"
"Have availableHBR URO Zimmer Universal Multi Sized Mesher","Instrument / Tray","","","TRAY","M-68613","Sterile Processing / Core"
"MOR GEN Storz Camera Head HD","Instrument / Tray","","","TRAY","M-78820","Sterile Processing / Core"
"NCSH URO Borawski Specials","Instrument / Tray","","","TRAY","M-78820","Sterile Processing / Core"
"NCSH URO Jordan Bookler Retractor","Instrument / Tray","","","TRAY","M-78820","Sterile Processing / Core"
"PLEASE DO NOT OPEN UNLESS SURGEON ASKS FOR THIS TRAYHBR URO Saline Resection","Instrument / Tray","","","TRAY","M-68200","Sterile Processing / Core"
"ensure this tray is on the CLEAN table (separate)HBR URO Urology Minor","Instrument / Tray","","","TRAY","M-67389, M-84075, M-84076, M-84077, M-90889","Sterile Processing / Core"
"t OpenHBR URO Urology Minor","Instrument / Tray","","","TRAY","M-67342, M-91325","Sterile Processing / Core"
"% Povidone Iodine 4oz O-051023 D-385696 NMDS093944","Supply / Disposable","","","EA","M-67904, M-74204, M-77027","HBROR149721Vesseloop Maxi White O-000514DYNJVL03EA110HBROR344663Soln Prep 10; HBROR301044Irrigator Pathfinder Bulb 10inPA701EA110HBROR344663Soln Prep 10; HBROR344663Soln Prep 10"
", Cover Table 44x90 R-002057DYNJP2311","Supply / Disposable","","","EA","M-67389","HBROR362962"
", DRAPE UTILITY TOWEL SURGICAL 50/CA R-DYNJP2408","Supply / Disposable","","","PH","M-75053","HBROR443605"
", DRESSING GAUZE ROLL 3.4INX3.6YD 6 PLY NON25861","Supply / Disposable","","","EA","M-75977","HBROR422025"
", Drape Surg 121x102x78in Lap TDYNJP3003","Supply / Disposable","","","EA","M-77027","HBROR218815"
", Electrode Stnls Stl Ndl 1.1in D-026608E1552","Supply / Disposable","","","EA","M-91325","HBROR100014"
", Legging Lithotomy Convt R-002147DYNJP2461","Supply / Disposable","","","EA","M-75978","HBROR220255"
", Lube Jelly 2oz St Flip Top Tub E O-051123 R-MDS032285","Supply / Disposable","","","EA","M-75975","HBROR395053"
", Sponge Super Prep 6x6.75 O-002328NON25854","Supply / Disposable","","","EA","M-69622","HBROR054986"
", Stapler Skin Appose 35 Wide 12/Bx 48/Ca D-8886803712","Supply / Disposable","","","EA","M-67342","HBROR - A5C2-22051924"
"-1010606HBROR - A5C3-14000532, 00382903051274NDL HYPO 25GX1.5 NON-SAFETY D-376057305127","Supply / Disposable","","","EA","M-67342",""
".25x12 Str O-050695DYND50301","Supply / Disposable","","","EA","M-67342, M-69622, M-75978","HBROR149721Vesseloop Maxi White O-000514DYNJVL03EA110HBROR231312Drain Penrose Lf 0; HBROR231312Drain Penrose Lf 0"
".47INL607","Supply / Disposable","","","EA","M-81955","HBROR - A3C6-3000061LID CONTAINER 41IN ROUND 1 SEAL INJECTION MOLD 6"
".5 40/Ca S-INST-0630-002-720UNC9477","Supply / Disposable","","","EA","M-74204","HBROR - A1C1-4002525Packing Vaginal 2x7"
".9% 1000ml Btl 12/Ca2F7124","Supply / Disposable","","","EA","M-90614","HBROR051948Soln Irrig Ns 0"
".BLZM10","Supply / Disposable","","","EA","M-68613","HBROR382985Blade Surgical 10 O-00022303740EA110HBROR422313BLADE DERMATOME ZIMMER AIR5"
"/ WIDE WAIST BAND ADULT 202460","Supply / Disposable","","","EA","M-77027","HBROR382985Blade Surgical 10 O-00022303740EA110HBROR395160Loop Vessel Mini Red St O-000513DYNJVL12EA110HBROR448590PACK MINOR UROLOGYDYNJT7137EA101002377SUPPORTER ATHLETIC SM 26-32 W"
"/100 O-00022603743","Supply / Disposable","","","EA","M-67342, M-91325","HBROR362918Panties Mesh Xl 45in-70in O-002041MSC86400EA110HBROR382986BLADE SURG NO 11 PREMIUM TECHNOCUT O-00022403741EA321HBROR382987Blade Surgical 15 Bx; HBROR382987Blade Surgical 15 Bx"
"/2 X 12 St O-050673DYND50322","Supply / Disposable","","","EA","M-69622, M-77027","HBROR052795SLEEVE SCD KNEE LENGTH MED 21IN BLENDED EXPRESS KENDA9529BPR211HBROR054973Drain Penrose Lf 1; HBROR053921Chloraprep 26ml Orng St O-050864930815EA101054177SUPPORTER ATHLETIC MED S-449629SA1503-WH-MDEA101HBROR054973Drain Penrose Lf 1"
"/3 Towels127338A","Supply / Disposable","","","EA","M-67342, M-67389, M-68103, M-68363, M-69077, M-69622, M-70802, M-74397, M-75053, M-75977, M-75978, M-77027, M-78821, M-81955, M-83509, M-83968, M-84075, M-84076, M-84077, M-90614, M-90889, M-91325, M-94335, M-107797","HBROR032790Pack 4 Gown W; HBROR362918Panties Mesh Xl 45in-70in O-002041MSC86400EA110HBROR448590PACK MINOR UROLOGYDYNJT7137EA110HBROR032790Pack 4 Gown W; HBROR448590PACK MINOR UROLOGYDYNJT7137EA110HBROR032790Pack 4 Gown W"
"/5 Towels6701D","Supply / Disposable","","","EA","M-74204, M-78820","HBROR004683Pack Lp Gown 67013d Lg 1xlg W"
"/8in X 10ft901015-000","Supply / Disposable","","","EA","M-70802, M-77027","HBROR - A3C3-3010437Tubing Surgimedic Smoke Evacua Tion 7"
"/Bx 25 /Ca O-0511959530B","Supply / Disposable","","","EA","M-68200","HBROR052799Sleeve Scd Thigh Med 5pr"
"/CA S-317945/444131 2F7114","Supply / Disposable","","","EA","M-67342, M-68103, M-68108, M-68200, M-68363, M-69077, M-69622, M-70802, M-70803, M-74204, M-74397, M-75053, M-75977, M-75978, M-77027, M-77941, M-78820, M-78821, M-81955, M-83968, M-90614, M-91325, M-107797","HBROR032867Glove Dpc Latex Free Biogel GLVDPC1EA000HBROR032869Glove Dpc Duraprene Plus PfGLVDPC3EA000HBROR032870Glove Dpc Pi ProtexisGLVDPC4EA000HBROR032871Glove Dpc Ortho ProtexisGLVDPC5EA000HBROR032872Glove Dpc Blue ProtexisGLVDPC6EA000HBROR032873Glove Dpc Micro ProtexisGLVDPC7EA101HBROR051941SOLN IRRIG H2O ST 1000ML BTL 12; HBROR032867Glove Dpc Latex Free Biogel GLVDPC1EA000HBROR032869Glove Dpc Duraprene Plus PfGLVDPC3EA000HBROR032870Glove Dpc Pi ProtexisGLVDPC4EA000HBROR032871Glove Dpc Ortho ProtexisGLVDPC5EA000HBROR032872Glove Dpc Blue ProtexisGLVDPC6EA000HBROR032873Glove Dpc Micro ProtexisGLVDPC7EA110HBROR051941SOLN IRRIG H2O ST 1000ML BTL 12; HBROR051941SOLN IRRIG H2O ST 1000ML BTL 12; HBROR448590PACK MINOR UROLOGYDYNJT7137EA110HBROR051941SOLN IRRIG H2O ST 1000ML BTL 12"
"/CA S-317946/3719792F7113","Supply / Disposable","","","EA","M-67904, M-75975","HBROR032867Glove Dpc Latex Free Biogel GLVDPC1EA000HBROR032869Glove Dpc Duraprene Plus PfGLVDPC3EA000HBROR032870Glove Dpc Pi ProtexisGLVDPC4EA000HBROR032871Glove Dpc Ortho ProtexisGLVDPC5EA000HBROR032872Glove Dpc Blue ProtexisGLVDPC6EA000HBROR032873Glove Dpc Micro ProtexisGLVDPC7EA110HBROR051943SOLN IRRIG H2O ST 500ML BTL 18; HBROR051943SOLN IRRIG H2O ST 500ML BTL 18"
"/Ca D- 121566M8275053/10.S","Supply / Disposable","","","EA","M-83968","HBROR - A6C2-2050222Drsg Wound Vac Foam Lg Black 10"
"/Ca O-0511979780B","Supply / Disposable","","","EA","M-67904, M-77027","HBROR052800Sleeve Scd Thigh Lg 15pr"
"/Ca O-3949132082-1X","Supply / Disposable","","","EA","M-67389, M-90889","HBROR129799Razor Prep Double Sided O-050509DYND70837EA110HBROR392556Dispenser Foam Pump 4oz Hibicl Ens57541EA110HBROR395182Alcohol Rubbing Isopropyl 4oz R-378288MDS098011EA101HBROR422010Bandage Self Lf 2inx60in Adher E 36; HBROR395182Alcohol Rubbing Isopropyl 4oz R-378288MDS098011EA101HBROR422010Bandage Self Lf 2inx60in Adher E 36"
"/O Cover 200/CaT60764","Supply / Disposable","","","EA","M-81955","HBROR - A3C6-2000034Cont Plastic 64oz W"
"/Pk127503","Supply / Disposable","","","EA","M-67389, M-77027, M-78820, M-83509, M-84075, M-84076, M-84077, M-90889, M-94335","HBROR032402Towel Drape 5"
"00","Supply / Disposable","","","EA","M-67342, M-67389, M-68103, M-68108, M-68613, M-70803, M-75053, M-75978, M-83968, M-84075, M-84076, M-84077, M-90889, M-91325, M-107797",""
"0EZ","Supply / Disposable","","","EA","M-68103, M-70803",""
"110","Supply / Disposable","","","EA","M-67342, M-78820",""
"12HBROR445096, 10705031052093SUT VICRYL+ 5-0 RB-1 27IN BRAIDVCP303H","Supply / Disposable","","","EA","M-91325",""
"182","Supply / Disposable","","","EA","M-68103, M-74397",""
"200","Supply / Disposable","","","EA","M-69622, M-77027, M-78820, M-81955",""
"653","Supply / Disposable","","","EA","M-67342, M-67389, M-68103, M-69622, M-75053, M-81955, M-84075, M-84076, M-84077, M-90889",""
"653EANote: Uses 1 for local and two to inflate bladder110HBROR013785, 00707387469856Pouch With Ioban 2 Incise Film Xlg6659","Supply / Disposable","","","EA","M-75975",""
"7H","Supply / Disposable","","","EA","M-81955",""
"Adhesive Exofin Mastic 48ea/CaEM80148","Supply / Disposable","00854137001696","","EA","M-77027, M-78820","HBROR389659"
"Adhesive Skin Dermabond Advanc D 12/Bx O 128446 N-389DNX12","Supply / Disposable","10705031203532","","EA","M-67389, M-68103, M-69622, M-78821, M-83509, M-84075, M-84076, M-84077, M-90889","HBROR - A6C2-32051163"
"BAG DRAINAGE URINE 2000ML 48IN TUBE ANTI REFLUX CHAMB154002","Supply / Disposable","00801741029509","","EA","M-67342, M-67904, M-68103, M-68613, M-74397, M-75975, M-75978, M-81955, M-83968, M-91325, M-107797","HBROR315222"
"BOWL SOLUTION 16OZ POLY DISP ST LF 75/","Supply / Disposable","20884527005557","","CA","M-67342, M-67389, M-68103, M-68108, M-68613, M-70803, M-75053, M-75978, M-83968, M-84075, M-84076, M-84077, M-90889, M-91325, M-107797","HBROR - A3C4-2001407"
"Basket Nitinol 1.9fr Zerotip D- 318592 D-200322M0063901050","Supply / Disposable","08714729469643","","EA","M-67904","HBROR104248"
"Blade Clipper 50/Ca O-0004394406","Supply / Disposable","10885403473142","","EA","M-81955","HBROR - A3C4-17051873"
"Blade Electrode 6.5 In 50/Ca O- 010890 D-004976E1551-6","Supply / Disposable","10884521713291","","EA","M-68103","HBROR - A3C1-12050936"
"Blanket Upper Body R-00137442234","Supply / Disposable","00707387775162","","EA","M-67342, M-67813, M-67904, M-68103, M-68363, M-69077, M-69622, M-74204, M-74397, M-75975, M-75977, M-77941, M-78821, M-83968, M-84079, M-107797, M-110989","HBROR032867Glove Dpc Latex Free Biogel GLVDPC1EA000HBROR032869Glove Dpc Duraprene Plus PfGLVDPC3EA000HBROR032870Glove Dpc Pi ProtexisGLVDPC4EA000HBROR032871Glove Dpc Ortho ProtexisGLVDPC5EA000HBROR032872Glove Dpc Blue ProtexisGLVDPC6EA000HBROR032873Glove Dpc Micro ProtexisGLVDPC7EA110HBROR052795SLEEVE SCD KNEE LENGTH MED 21IN BLENDED EXPRESS KENDA9529BPR110HBROR224118; HBROR224118; HBROR242506BALO CATH 30FRX5CM OPTILUME DROPTBDL7005BEA000HBROR032867Glove Dpc Latex Free Biogel GLVDPC1EA000HBROR032869Glove Dpc Duraprene Plus PfGLVDPC3EA000HBROR032870Glove Dpc Pi ProtexisGLVDPC4EA000HBROR032871Glove Dpc Ortho ProtexisGLVDPC5EA000HBROR032872Glove Dpc Blue ProtexisGLVDPC6EA000HBROR032873Glove Dpc Micro ProtexisGLVDPC7EA110HBROR052795SLEEVE SCD KNEE LENGTH MED 21IN BLENDED EXPRESS KENDA9529BPR110HBROR224118"
"Blanket Warming Lower Body Bai R Hugger O-00137552500","Supply / Disposable","00707387774981","","EA","M-74204","HBROR356230"
"CATH BAL 16FR 5CC LUBRI-SIL COUNCILL 2 WAY FOLEY R-050172L16","Supply / Disposable","00801741019944","","EA","M-67342","HBROR448070"
"COVER WAND RF DETECTABLE ST01-0020","Supply / Disposable","10884521709874","","EA","M-67342, M-67389, M-68103, M-68108, M-68200, M-68363, M-68613, M-69077, M-69622, M-70802, M-70803, M-74204, M-75053, M-75975, M-77027, M-78821, M-81955, M-84075, M-84076, M-84077, M-84079, M-90889","HBROR025178; HBROR382985Blade Surgical 10 O-00022303740EA110HBROR448590PACK MINOR UROLOGYDYNJT7137EA101HBROR025178; HBROR395160Loop Vessel Mini Red St O-000513DYNJVL12EA101HBROR025178; HBROR448590PACK MINOR UROLOGYDYNJT7137EA101HBROR025178"
"Cath Foley Sil 18fr 5ml Bal 2w AyDYND11503","Supply / Disposable","10080196845460","","EA","M-67342, M-74397","HBROR226443"
"Cath Foley Sil 20fr 5ml Bal 2w S-226444165820","Supply / Disposable","00801741029776","","EA","M-67342, M-81955","HBROR052795SLEEVE SCD KNEE LENGTH MED 21IN BLENDED EXPRESS KENDA9529BPR110HBROR105477; HBROR105477"
"Cath Foley Silc 12fr 5ml Ball 12/Ca N-001478165812","Supply / Disposable","00801741029738","","EA","M-68103, M-74397, M-90889","HBROR356599"
"Cath Foley Silc 16fr 5ml 12/Ca N-001480165816","Supply / Disposable","00801741029752","","EA","M-67342, M-67904, M-68613, M-74397, M-75978, M-83968, M-107797","HBROR032867Glove Dpc Latex Free Biogel GLVDPC1EA110HBROR032869Glove Dpc Duraprene Plus PfGLVDPC3EA110HBROR032871Glove Dpc Ortho ProtexisGLVDPC5EA110HBROR032872Glove Dpc Blue ProtexisGLVDPC6EA110HBROR032873Glove Dpc Micro ProtexisGLVDPC7EA110HBROR053921Chloraprep 26ml Orng St O-050864930815EA110HBROR101539; HBROR052795SLEEVE SCD KNEE LENGTH MED 21IN BLENDED EXPRESS KENDA9529BPR220HBROR053921Chloraprep 26ml Orng St O-050864930815EA101HBROR101539; HBROR053921Chloraprep 26ml Orng St O-050864930815EA101HBROR101539; HBROR101539"
"Cath Foley Silicone 18fr 30ml2 Way N-001483166818","Supply / Disposable","00801741029813","","EA","M-75975","HBROR052795SLEEVE SCD KNEE LENGTH MED 21IN BLENDED EXPRESS KENDA9529BPR101HBROR105481"
"Cath Iv 16ga/2.00 Introcan 50/Bx 200/Ca S-4480214251695-02","Supply / Disposable","04046963189020","","EA","M-67342","HBROR050102"
"Cath Ureteral Open End 5frx70c MG15944","Supply / Disposable","00827002159440","","EA","M-75975","HBROR300995"
"Cath Ureteral Open End 6frx70c M D- 102121G14430","Supply / Disposable","00827002144309","","EA","M-68200","HBROR004507"
"Cont Specimen Sterile 120ml O-000267C13901","Supply / Disposable","10885380150081","","EA","M-69077, M-77027","HBROR055066"
"Cord Bipolar 12ft Disp135166","Supply / Disposable","00653405002171","","EA","M-67342, M-68108, M-74397, M-75053, M-83968, M-91325, M-107797","HBROR010894; HBROR362918Panties Mesh Xl 45in-70in O-002041MSC86400EA110HBROR382986BLADE SURG NO 11 PREMIUM TECHNOCUT O-00022403741EA110HBROR448590PACK MINOR UROLOGYDYNJT7137EA101HBROR010894; HBROR362918Panties Mesh Xl 45in-70in O-002041MSC86400EA110HBROR448590PACK MINOR UROLOGYDYNJT7137EA110HBROR010894; HBROR448590PACK MINOR UROLOGYDYNJT7137EA101HBROR010894"
"Cover Back Table 65x908186","Supply / Disposable","10885380118791","","EA","M-67342, M-91325","HBROR - A5C5-9018262"
"Cover Table 44x90 R-002057DYNJP2311","Supply / Disposable","10080196745500","","EA","M-68103, M-81955, M-84075, M-84076, M-84077, M-90889","HBROR362962"
"DECANTER VIAL ASEPTIC TRANSFER ST10-106","Supply / Disposable","","00848340","EA","M-68108","HBROR029092"
"DECANTER VIAL ASEPTIC TRANSFER ST10-106","Supply / Disposable","00848340000027","","EA","M-75053","HBROR029092"
"DEPRESSOR TONGUE STRL ADLT 6INMDS202075","Supply / Disposable","10080196158768","","EA","M-74204","HBROR346727"
"DRAPE IOBAN STERI INCISE SM 35CM X 35CM 10EA/","Supply / Disposable","00707387507343","","BX","M-68103, M-70803","HBROR - A5C6-19000416"
"DRAPE POUCH IOBAN 26658EANote: Uses a second for Salvage procedures101HBROR025178, 10884521709874COVER WAND RF DETECTABLE ST01-0020","Supply / Disposable","00707387444433","","EA","M-67342, M-67389, M-75053, M-83509, M-84075, M-84076, M-84077","HBROR003415; HBROR129799Razor Prep Double Sided O-050509DYND70837EA110HBROR392556Dispenser Foam Pump 4oz Hibicl Ens57541EA110HBROR395182Alcohol Rubbing Isopropyl 4oz R-378288MDS098011EA110HBROR448590PACK MINOR UROLOGYDYNJT7137EA211HBROR003415; HBROR448590PACK MINOR UROLOGYDYNJT7137EA211HBROR003415"
"DRAPE STERI INCISE LG 60X45CM IOBAN 10EA/BX D-355296 6650EZ","Supply / Disposable","00707387507350","","EA","M-68108, M-68613, M-74397, M-77941, M-81955, M-91325","HBROR - A5C6-20000415"
"DRAPE UTILITY TOWEL SURGICAL 50/CA R-002412DYNJP2408","Supply / Disposable","80080196743512","","PH","M-67342, M-91325","HBROR443605"
"DRESSING GAUZE ROLL 3.4INX3.6YD 6 PLY COTTON LF ST BUNON25861","Supply / Disposable","10080196845095","","EA","M-67342, M-67389, M-68103, M-74397, M-75978, M-83968, M-84075, M-84076, M-84077, M-90614, M-90889, M-91325","HBROR422025"
"Decanter Bag Ca/50 O-00174110-102","Supply / Disposable","00848340000003","","EA","M-67389, M-68103, M-84075, M-84076, M-84077, M-90889","HBROR - A5C3-37052155"
"Dermacarrier Universal 16in00-7716-000-10","Supply / Disposable","00889024375499","","EA","M-68613","HBROR014631"
"Device Encore InflationM00566670","Supply / Disposable","08714729755241","","EA","M-110989","HBROR306053"
"Disp System Non Sterile Easy C AtcherO-EC52","Supply / Disposable","00848340010781","","EA","M-67904, M-68200","HBROR032587"
"Dissector Ligasure Exact 40 D EgLF2019","Supply / Disposable","10884521741096","","EA","M-68613, M-83968, M-107797","HBROR390180"
"Drain Blake 15fr W/TrocarJP-2229","Supply / Disposable","10885380182617","","EA","M-68613, M-81955, M-91325","HBROR029074"
"Drain Flat Silicone 10mm 10/Ca O-001604-2243760070440","Supply / Disposable","00801741090769","","EA","M-78820, M-78821","HBROR052692"
"Drape C-Arm 165cmx106cm 10ea/Bx1013","Supply / Disposable","00707387020910","","EA","M-67904","HBROR - A5C6-8002334"
"Drape Cover Mayo Stand 30/Ca8337","Supply / Disposable","10885380107979","","EA","M-67342, M-68103, M-83968, M-91325, M-107797","HBROR - A5C5-8002056"
"Drape Instrument 16x20 Magneti C St O-002346DYNJMDL1","Supply / Disposable","10884389464915","","EA","M-78820","HBROR394974"
"Drape Lithotomy 35x44x102in Lf St Disp29455","Supply / Disposable","10885380142994","","EA","M-67342, M-68103, M-74397, M-75978, M-83968, M-90614, M-91325, M-94335, M-107797","HBROR357149"
"Drape Steri Lg 17x23in 4ea/Bx1010","Supply / Disposable","00707387057251","","EA","M-74204","HBROR - A5C6-11002338"
"Drape Surg 121x102x78in Lap TDYNJP3003","Supply / Disposable","10080196723140","","EA","M-67389, M-68363, M-69077, M-75053, M-75975, M-75977, M-77941, M-78821, M-83509, M-84075, M-84076, M-84077","HBROR032867Glove Dpc Latex Free Biogel GLVDPC1EA000HBROR032869Glove Dpc Duraprene Plus PfGLVDPC3EA000HBROR032870Glove Dpc Pi ProtexisGLVDPC4EA000HBROR032871Glove Dpc Ortho ProtexisGLVDPC5EA000HBROR032872Glove Dpc Blue ProtexisGLVDPC6EA000HBROR032873Glove Dpc Micro ProtexisGLVDPC7EA220HBROR053921Chloraprep 26ml Orng St O-050864930815EA110HBROR218815; HBROR052795SLEEVE SCD KNEE LENGTH MED 21IN BLENDED EXPRESS KENDA9529BPR110HBROR053921Chloraprep 26ml Orng St O-050864930815EA110HBROR218815; HBROR052795SLEEVE SCD KNEE LENGTH MED 21IN BLENDED EXPRESS KENDA9529BPR110HBROR218815; HBROR053921Chloraprep 26ml Orng St O-050864930815EA110HBROR218815; HBROR218815"
"Drape Surg 77x53in Fanfold Rei Nforced AuroraDYNJP2414","Supply / Disposable","10080196739714","","EA","M-70803","HBROR341292"
"Dressing 2x2 Island R-002417MSC3222","Supply / Disposable","10080196751839","","EA","M-67389, M-78821, M-81955, M-84075, M-84076, M-84077, M-90889","HBROR232221"
"Dressing Roll Sof-Form 2in 12/Bx R-002004NON25496","Supply / Disposable","10080196692378","","EA","M-67342, M-67389, M-68108, M-68363, M-75053, M-75978, M-83509, M-84075, M-84076, M-84077","HBROR341740"
"Drsg Abd/Combine 8x10in R-002227NON21454","Supply / Disposable","10080196690985","","EA","M-74204","HBROR349224"
"Drsg Adhesive 4x8 25ea/Bx 100/Ca S-2242037541","Supply / Disposable","10884521065413","","EA","M-81955","HBROR - A6C2-9002418"
"Drsg Gauze 5x9 St Xeroform R-0533978884433605","Supply / Disposable","","10192253","EA","M-68103","HBROR315421"
"Drsg Gauze 5x9 St Xeroform R-0533978884433605","Supply / Disposable","10192253047868","","EA","M-67342, M-68613, M-70803, M-75978, M-91325","HBROR315421"
"Dsg Tegaderm Frame 20x30cm 10p K/Bx D-3143671629","Supply / Disposable","00707387807832","","EA","M-83968, M-107797","HBROR - A6C2-15002169"
"Dsg Tegaderm Hp Frame 10x12cm 50pk/Bx 4bx/Ca D-3143669536HP","Supply / Disposable","","04064035","EA","M-77027","HBROR - A6C2-14002166"
"Dsg Xeroform 1x8in Foil 50/Bx 4bx/Ca R-0533988884433301","Supply / Disposable","30884527014921","","EA","M-68108, M-75053","HBROR316117"
"EVACUATOR SUCTION 100ML 10/BX D-2244810070740","Supply / Disposable","00801741049569","","EA","M-68613, M-78821, M-81955, M-91325","HBROR - A3C1-18013263Forcep Bipolar Cautery Bayonet Insulated20-1370IEA220HBROR - A3C3-15001712; HBROR - A3C3-15001712"
"Electrode Stnls Stl Ndl 1.1in D-026608E1552","Supply / Disposable","10884521713321","","EA","M-74397, M-83968, M-107797","HBROR100014"
"FIBER LASER 200M0068403910","Supply / Disposable","08714729808145","","EA","M-67904","HBROR032867Glove Dpc Latex Free Biogel GLVDPC1EA000HBROR032869Glove Dpc Duraprene Plus PfGLVDPC3EA000HBROR032870Glove Dpc Pi ProtexisGLVDPC4EA000HBROR032871Glove Dpc Ortho ProtexisGLVDPC5EA000HBROR032872Glove Dpc Blue ProtexisGLVDPC6EA000HBROR032873Glove Dpc Micro ProtexisGLVDPC7EA101HBROR034336"
"Fastener Foley Statlock Bard 25/Bx N-339998FOL0102","Supply / Disposable","00801741076114","","EA","M-68103","HBROR - A3C5-6 050091"
"Forcep Bipolar Bayonet 7 3/4 Ca/10 O-05220419-1003C","Supply / Disposable","00841019100110","","EA","M-68108","HBROR052493"
"GLOVE SURG SZ 6.5 CREAM SYNTHETIC LF PF ST PROTEXIS P2D72PT65X","Supply / Disposable","10885380031939","","EA","M-75977, M-83968, M-107797","HBROR - A4C3-3051090"
"GLOVE SURG SZ 7 BLUE W/NEU-THERA LF PF ST PROTEXIS PI 2D73EB70","Supply / Disposable","10885380027390","","EA","M-75977, M-78821, M-83968, M-107797","HBROR - A4C3-19051132"
"GLOVE SURG SZ 7 CREAM SYNTHETIC LF PF PROTEXIS PI MIC2D73PM70","Supply / Disposable","10885380027284","","EA","M-68108","HBROR - A4C3-12051083"
"GLOVE SURG SZ 7 SYNTHETIC CREAM LF PF ST PROTEXIS PI 2D72PT70X","Supply / Disposable","10885380031946","","EA","M-70803, M-78821","HBROR - A4C3-4051091"
"GLOVE SURG SZ 7.5 BLUE W/NEU-THERA LF PF ST PROTEXIS 2D73EB75","Supply / Disposable","10885380027406","","EA","M-67342, M-67389, M-68108, M-70803, M-74397, M-75053, M-75977, M-75978, M-77027, M-77941, M-83509, M-83968, M-84075, M-84076, M-84077, M-90889, M-91325, M-107797","HBROR - A4C3-20051133"
"GLOVE SURG SZ 7.5 CREAM SYNTHETIC LF PF PROTEXIS PI M2D73PM75","Supply / Disposable","10885380027291","","EA","M-67342, M-74397, M-75053, M-75977, M-75978, M-77941, M-83968, M-91325, M-107797","HBROR - A4C3-13051084"
"GLOVE SURG SZ 7.5 SYNTHETIC CREAM LF PF ST PROTEXIS P2D72PT75X","Supply / Disposable","10885380031953","","EA","M-67389, M-74204, M-83509, M-84075, M-84076, M-84077, M-90614, M-90889","HBROR - A4C3-5051092"
"GLOVE SURG SZ 8 BLUE W/NEU-THERA LF PF ST PROTEXIS PI 2D73EB80","Supply / Disposable","10885380027413","","EA","M-74204","HBROR - A4C3-21051134"
"GLOVE SURG UNDER SZ 7.5 BLUE LF PF ST BIOGEL PI INDIC41675","Supply / Disposable","07332551292706","","EA","M-67389, M-83509, M-84075, M-84076, M-84077, M-90614, M-90889","HBROR - A4C2-12027325"
"HBROR - A6C2-23052287, 10080196740147Dsg Pad 3x4in Non-Adherent 100/BxNON25710","Supply / Disposable","","004110","EA","M-77027",""
"HBROR025178, 10884521709874COVER WAND RF DETECTABLE ST01-0020","Supply / Disposable","","817101","EA","M-78820",""
"HBROR032790Pack 4 Gown W/3 Towels127338A","Supply / Disposable","","027110","EA","M-68108",""
"HBROR055066, 10885380150081Cont Specimen Sterile 120ml O-000267C13901","Supply / Disposable","80196692955110","","EA","M-69622",""
"HBROR224118, 00707387775162Blanket Upper Body R-00137442234","Supply / Disposable","80196288419110","","EA","M-75978",""
"HBROR224118, 00707387775162Blanket Upper Body R-00137442234","Supply / Disposable","84521713321110","","EA","M-91325",""
"HBROR231253Marker Skin Ultra Fine Tip1436SR-10","Supply / Disposable","","532101","EA","M-75053",""
"HBROR266357, 10888277107465Tip Suction Yankau Std On OffOR164","Supply / Disposable","80196723140110","","EA","M-77027",""
"HBROR341292, 10080196739714Drape Surg 77x53in Fanfold Rei Nforced AuroraDYNJP2414","Supply / Disposable","","868220","EA","M-68103",""
"HBROR386430, 00801741074141TRAY CATH FOLEY 16FR 5CC BALLOON DRAIN BAG PVC SURESTA947316","Supply / Disposable","80196745500101","","EA","M-67389",""
"HBROR422025, 10080196845095DRESSING GAUZE ROLL 3.4INX3.6YD 6 PLY COTTON LF ST BUNON25861","Supply / Disposable","","588660","EA","M-107797",""
"HEMOCLIP LIGATING TITAN MED HORIZON 6/PK 30PK/","Supply / Disposable","24026704696363","","BX","M-69622, M-77027, M-78820, M-81955","HBROR - A5C2-28000319"
"HEMOCLIP LIGATING TITANIUM LG HORIZON 6/PK 20PK/BX 004200","Supply / Disposable","24026704696387","","EA","M-69622, M-77027, M-78820, M-81955","HBROR - A5C2-30000320"
"Instr Yankauer Bulb Tip W/O Ve Nt Flex St O-001772 DYND52130","Supply / Disposable","10080196035434","","EA","M-77027, M-78820","HBROR395027"
"Instr Yankauer Open Tip W/O Ve Nt StOR87","Supply / Disposable","10888277407947","","EA","M-68103","HBROR395028"
"Introducer Suprapubic One-StepG26655","Supply / Disposable","00827002266551","","EA","M-74397","HBROR372983"
"KIT ACCESSORY AMS 800 SPHINCTER URINARY CONTROL SYS 720066-01","Supply / Disposable","00878953004938","","EA","M-68103","HBROR392556Dispenser Foam Pump 4oz Hibicl Ens57541EA110HBROR448590PACK MINOR UROLOGYDYNJT7137EA110HBROR007346"
"Kit Surg Spy-Phi Drug DrapeHH9006","Supply / Disposable","10858701006282","","EA","M-74397","HBROR392095"
"Kit Urostomy 2 1/4 St 5/Bx O-05106819503","Supply / Disposable","00610075198634","","EA","M-81955","HBROR - A3C5-41051871"
"Legging Lithotomy Convt R-002147DYNJP2461","Supply / Disposable","80080196288419","","EA","M-68103, M-74397, M-77941, M-83968, M-94335, M-107797","HBROR220255"
"Ligasure Impact Seal/Di 6ea/Bx D-380024LF4418","Supply / Disposable","10884521612525","","EA","M-81955","HBROR - A3C2-1026617"
"Lube Jelly 2oz St Flip Top Tub E O-051123 R-395032 MDS032285","Supply / Disposable","10080196291588","","EA","M-67342, M-67389, M-67904, M-74397, M-75978, M-83968, M-84075, M-84076, M-84077, M-90889, M-91325","HBROR395053"
"Lube Jelly 2oz St Flip Top Tub E O-051123 R-395032 MDS032285","Supply / Disposable","","10080196","EA","M-107797","HBROR395053"
"NDL HYPO 25GX1.5 NON-SAFETY D-376057305127","Supply / Disposable","00382903051274","","EA","M-77027","HBROR - A5C3-14000532"
"NDL HYPODERMIC 18 GA 1.5IN REG BEVEL PRECISIONGLIDE 305196","Supply / Disposable","00382903051960","","EA","M-68613, M-74397, M-75053, M-75975, M-75977, M-75978, M-83968, M-107797","HBROR - A5C3-12000553"
"NDL SPINAL QUINCKE POINT 20GA 25/","Supply / Disposable","00382904051822","","BX","M-68103, M-74397","HBROR - A5C3-18000527"
"NEEDLE ENT/IMA STANDARD STERILE 25/BXES38","Supply / Disposable","10607151056381","","EA","M-68108, M-69077, M-77027, M-78820","HBROR449442"
"Ndl St Hypo 27ga/0.5in 100/Bx D-318256-026086305109","Supply / Disposable","00382903051090","","EA","M-67342","HBROR026086"
"PACK PROCEDURE CYSTO CUSTOM STERILEDYNJ80162","Supply / Disposable","10195327013349","","EA","M-67904, M-68200","HBROR239073"
"PACK PROCEDURE LITHOTOMY CUSTOM STERILEDYNJ80236","Supply / Disposable","10195327017095","","EA","M-67342, M-69622, M-70802, M-70803, M-74204, M-91325","HBROR239051"
"PACK PROCEDURE MAJOR CUSTOM STERILEDYNJ80175","Supply / Disposable","10195327013462","","EA","M-78820","HBROR239065"
"PACK PROCEDURE UROLOGY CUSTOM STERILEDYNJ80252","Supply / Disposable","10195327016777","","EA","M-78821, M-81955","HBROR239076"
"PLUG CATHETER DRAINAGE PROTECTOR CA/50 R-3446221600","Supply / Disposable","10884521007819","","EA","M-74397, M-83968, M-91325, M-107797","HBROR - A3C5-8 001702"
"Pack Gown Lp Xlg W/Towel D-003997-385507614000","Supply / Disposable","00810019800344","","EA","M-67904, M-75975, M-81955","HBROR125010"
"Pack Gown Standard Xlg 1004d W /Towel Ster1004D","Supply / Disposable","00810019800306","","EA","M-68103, M-68200, M-70803","HBROR - A4C1-2004682"
"Pack Universal O-002197DYNJ80178","Supply / Disposable","10195327013547","","EA","M-68613, M-78820, M-90614","HBROR239049"
"Pad Ground Electrode Adl 30lb D-319853-026613 R-01420E7507","Supply / Disposable","10884524000077","","EA","M-67342, M-67389, M-68103, M-68108, M-68200, M-68363, M-69077, M-69622, M-70802, M-70803, M-74204, M-74397, M-75053, M-75977, M-75978, M-77027, M-77941, M-78821, M-81955, M-83509, M-83968, M-84075, M-84076, M-84077, M-90889, M-91325, M-107797","HBROR - A3C1-18013263Forcep Bipolar Cautery Bayonet Insulated20-1370IEA110HBROR - A3C1-41100642; HBROR - A3C1-41100642"
"Pant Incontinent Lg O-394941706A","Supply / Disposable","10694393126101","","BG","M-74204","HBROR052795SLEEVE SCD KNEE LENGTH MED 21IN BLENDED EXPRESS KENDA9529BPR101HBROR055011"
"Pencil Cautery Electrosurg W/Holster 50/CaE2516H","Supply / Disposable","10884524000053","","EA","M-67389, M-68103, M-68108, M-68363, M-69077, M-70802, M-74397, M-75053, M-75977, M-77027, M-83509, M-83968, M-84075, M-84076, M-84077, M-90614, M-90889, M-91325, M-107797","HBROR - A3C1-6050934"
"Pencil Smoke Evac Coated Pb O-3900030703-046-000","Supply / Disposable","07613327117189","","EA","M-91325","HBROR228488"
"Reload Gia 80mm 3.8 BluGIA8038L","Supply / Disposable","10884523007251","","EA","M-81955","HBROR027595"
"Retractor Ring Figure 8 Shaped Lone Star3304G","Supply / Disposable","00888937015362","","EA","M-70802, M-75053","HBROR362918Panties Mesh Xl 45in-70in O-002041MSC86400EA101HBROR003180; HBROR448590PACK MINOR UROLOGYDYNJT7137EA101HBROR003180"
"SPONGE GAUZE 4X4IN 12-PLY LF ST CURITY 10/","Supply / Disposable","20192253048596","","PK","M-67342, M-78820","HBROR - A6C2-42002329"
"STRIP STERI SKIN CLOSURE 0.5X4IN REINFORCED ST 50/BX R1547","Supply / Disposable","00707387804688","","EA","M-77027, M-78820","HBROR - A6C2-29002374"
"SUPPORT SCROTAL LARGE ATHLETIC ADJUSTABLE WAISTBAND RORT2240L","Supply / Disposable","00197344103662","","EA","M-68103, M-69077, M-69622, M-77027","HBROR449327"
"SUT 0 CT-1 PDS II 27IN VIL MO NO 36/BX O-050703Z340H","Supply / Disposable","10705031060623","","EA","M-81955","HBROR - A4C4-41000721"
"SUT 0 CT-1 UND BRD SA 36IN COATED VICRYL 36/BX O-0507J946H","Supply / Disposable","10705031043671","","EA","M-81955","HBROR - A5C5-90000756"
"SUT 2-0 CT-1 VIO BRD SA 27IN COATED VICRYL 36/BX O-05J339H","Supply / Disposable","10705031039018","","EA","M-81955","HBROR - A4C5-26000749"
"SUT 3-0 VIO BRD 8-18IN SA SH CR COATED VICRYL 12/BX OJ774D","Supply / Disposable","10705031042919","","EA","M-78821, M-81955","HBROR - A4C6-9000722"
"SUT CHROMIC 3-0 SH NDL 27IN G122H 36PK/BXG122H","Supply / Disposable","10705031037441","","EA","M-68363, M-69077, M-75053, M-77027","HBROR - A4C6-39000572"
"SUT COATED VICRYL PLUS 2-0 SH 27 BX/12 R-000688VCP785D","Supply / Disposable","10705031055568","","EA","M-77027","HBROR032867Glove Dpc Latex Free Biogel GLVDPC1EA000HBROR032869Glove Dpc Duraprene Plus PfGLVDPC3EA000HBROR032870Glove Dpc Pi ProtexisGLVDPC4EA000HBROR032871Glove Dpc Ortho ProtexisGLVDPC5EA000HBROR032872Glove Dpc Blue ProtexisGLVDPC6EA000HBROR032873Glove Dpc Micro ProtexisGLVDPC7EA000HBROR050709"
"SUT COATED VICRYL PLUS 3-0 SH 27 BX/36 R-000784VCP416H","Supply / Disposable","10705031053014","","EA","M-67342, M-68363, M-69622","HBROR032867Glove Dpc Latex Free Biogel GLVDPC1EA000HBROR032869Glove Dpc Duraprene Plus PfGLVDPC3EA000HBROR032870Glove Dpc Pi ProtexisGLVDPC4EA000HBROR032871Glove Dpc Ortho ProtexisGLVDPC5EA000HBROR032872Glove Dpc Blue ProtexisGLVDPC6EA000HBROR032873Glove Dpc Micro ProtexisGLVDPC7EA220HBROR050712; HBROR032867Glove Dpc Latex Free Biogel GLVDPC1EA000HBROR032869Glove Dpc Duraprene Plus PfGLVDPC3EA000HBROR032870Glove Dpc Pi ProtexisGLVDPC4EA000HBROR032871Glove Dpc Ortho ProtexisGLVDPC5EA000HBROR032872Glove Dpc Blue ProtexisGLVDPC6EA000HBROR032873Glove Dpc Micro ProtexisGLVDPC7EA321HBROR050712; HBROR050712"
"SUT ETHILON 2-0 PSLX 30IN 36PK/BX D-3400681697H","Supply / Disposable","10705031002173","","EA","M-77027, M-78821, M-81955","HBROR - A4C4-30000638"
"SUT ETHILON 3-0 PS-2 NDL 18IN 36PK/BX D-3190391669H","Supply / Disposable","10705031001879","","EA","M-67389, M-84075, M-84076, M-84077","HBROR - A4C4-77000797"
"SUT MONOCRYL 4-0 PS2 18IN SUT UNDYED MONOFIL ABSORB 1Y496G","Supply / Disposable","10705031059375","","EA","M-67342, M-68103, M-69622, M-75053, M-78821, M-84075, M-84076, M-84077","HBROR - A4C6-34000810"
"SUT PROLENE 4-0 RB-1 RB-1 36IN 8557H 36PK/","Supply / Disposable","10705031017061","","BX","M-81955","HBROR - A4C4-11000646"
"SUT VICRYL 2-0 SH NDL 27IN 36/BX O-050708J317H","Supply / Disposable","10705031038752","","EA","M-67389, M-75053, M-77027, M-81955, M-91325","HBROR - A4C5-33000783"
"SYRINGE 50ML LL 40/BX 4BX/","Supply / Disposable","00382903096534","","CA","M-67342, M-67389, M-68103, M-69622, M-75053, M-75975, M-81955, M-84075, M-84076, M-84077, M-90889","HBROR - A5C3-3000610"
"SYRINGE BULB IRRIGATION 1.5OZ D-100156,344730 N-3973067000","Supply / Disposable","10884521007994","","EA","M-67342, M-67389, M-84075, M-84076, M-84077, M-90614, M-90889, M-91325","HBROR - A3C3-10000612"
"Set Ext 7in High Press Non-Deh P One Link Ca/200 S-447N8301","Supply / Disposable","00085412475387","052378","EA","M-75053",""
"Set Irrigation Cysto W/Cath 81In Ad Pr Clamp D-0108352C4040","Supply / Disposable","00085412001050","","EA","M-67342, M-68103, M-74397, M-75975, M-75978, M-91325","HBROR - A3C3-24052011"
"Set Irrigation Cysto W/Rollerc 12/Ca2C4041","Supply / Disposable","00085412001067","","EA","M-67813, M-84079, M-110989","HBROR - A3C3-25052012"
"Set Marker Skin Utility W/Lab Els O-395055LBL0001291","Supply / Disposable","10193489378023","","EA","M-74397, M-83968, M-91325, M-107797","HBROR052795SLEEVE SCD KNEE LENGTH MED 21IN BLENDED EXPRESS KENDA9529BPR110HBROR053921Chloraprep 26ml Orng St O-050864930815EA101HBROR054140; HBROR052795SLEEVE SCD KNEE LENGTH MED 21IN BLENDED EXPRESS KENDA9529BPR220HBROR053921Chloraprep 26ml Orng St O-050864930815EA101HBROR054140"
"Sponge Gauze Rfd 4x4 16ply 10/Pk 1280/Ca S-INST-0632-G0404-16P01C-1","Supply / Disposable","10884521700604","","EA","M-68108","HBROR - A6C1-2050698"
"Sponge Lap Rfd 12x12 Str 5/Pk 40pk/Ca D-002321L1212-04P01C-1","Supply / Disposable","10884521700949","","PK","M-90614","HBROR050696"
"Sponge Lap Rfd 18x18 Str 5/Pk 40pk/Ca S-INST-0631-118L1818-04P01C-1","Supply / Disposable","10884521700956","","PK","M-67342, M-75977, M-75978, M-78820, M-81955, M-83968, M-107797","HBROR - A6C1-11050697"
"Sponge Super Prep 6x6.75 O-002328NON25854","Supply / Disposable","20080196692955","","EA","M-67389, M-68103, M-68363, M-69077, M-70803, M-74397, M-77027, M-78820, M-84075, M-84076, M-84077, M-90889, M-91325","HBROR032867Glove Dpc Latex Free Biogel GLVDPC1EA000HBROR032869Glove Dpc Duraprene Plus PfGLVDPC3EA000HBROR032870Glove Dpc Pi ProtexisGLVDPC4EA000HBROR032871Glove Dpc Ortho ProtexisGLVDPC5EA000HBROR032872Glove Dpc Blue ProtexisGLVDPC6EA000HBROR032873Glove Dpc Micro ProtexisGLVDPC7EA220HBROR053921Chloraprep 26ml Orng St O-050864930815EA110HBROR054986; HBROR052795SLEEVE SCD KNEE LENGTH MED 21IN BLENDED EXPRESS KENDA9529BPR110HBROR053921Chloraprep 26ml Orng St O-050864930815EA110HBROR054986; HBROR052795SLEEVE SCD KNEE LENGTH MED 21IN BLENDED EXPRESS KENDA9529BPR110HBROR054986; HBROR052795SLEEVE SCD KNEE LENGTH MED 21IN BLENDED EXPRESS KENDA9529BPR330HBROR053921Chloraprep 26ml Orng St O-050864930815EA110HBROR054986; HBROR053921Chloraprep 26ml Orng St O-050864930815EA110HBROR054986; HBROR054986"
"Stapler Endo Gia Universal StdEGIAUSTND","Supply / Disposable","10884523003543","","EA","M-81955","HBROR023045"
"Stapler Gia 80mm 3.8 BluGIA8038S","Supply / Disposable","10884523007268","","EA","M-81955","HBROR027596"
"Stapler Skin Appose 35 Wide 12/Bx 48/Ca D-027582-10108886803712","Supply / Disposable","10884521104372","","EA","M-67389, M-68103, M-68108, M-68613, M-70803, M-74397, M-75053, M-75977, M-75978, M-78821, M-83968, M-84075, M-84076, M-84077, M-90889, M-91325, M-107797","HBROR - A5C2-22051924"
"Stay Surgical Elastic Single H Ook 12mm Yellow3350-1G","Supply / Disposable","00888937015638","","EA","M-67342, M-68103, M-75053, M-91325","HBROR014782"
"Stay Surgical Elastic Single H Ook 5mm Blue3311-1G","Supply / Disposable","00888937015478","","EA","M-67342, M-68103, M-70802, M-74397, M-75978, M-83968, M-91325, M-107797","HBROR - A1C3-27014783"
"Stent Sof-Flex 7frx75cm Ureteral Bander Right Ureter G14779","Supply / Disposable","00827002147799","","EA","M-81955","HBROR002824"
"Stent Ureteral 6frx26cm Contou RM0061802230","Supply / Disposable","08714729058533","","EA","M-67904","HBROR316694"
"Stent Ureteral Bander 7fr Lt X75cmG14780","Supply / Disposable","00827002147805","","EA","M-81955","HBROR002825"
"Sut 3-0 Vio Sa Sh Pds Ii 27in MonocrylZ316H","Supply / Disposable","10705031060470","","EA","M-67342","HBROR - A4C5-8017444"
"Sut Chromic 2-0 Sh Ndl 27in G1 23h 36pk/BxG123HEANote: STAY SUT220HBROR - A4C6-39000572, 10705031037441SUT CHROMIC 3-0 SH NDL 27IN G122H 36PK/BXG122HEANote: BULBAR220HBROR - A5C1-12017423, 10705031023390Sut Silk 2-0 Sh Ndl Cr 8-18inc 012d 12pk/BxC012DEANote: LITHOTOMY101HBROR - A5C2-22051924, 10884521104372Stapler Skin Appose 35 Wide 12/Bx 48/Ca D-027582-10108886803712","Supply / Disposable","10705031037458","","EA","M-78820","HBROR - A4C6-38017370"
"Sut Chromic 4-0 Rb-1ndl 27in U 203h 36pk/BxU203H","Supply / Disposable","10705031051133","","EA","M-67342, M-81955","HBROR - A4C6-42017379"
"Sut Pds Ii 0 Ct-1 Ndl Cr 8-18i N Z740d 12pk/BxZ740D","Supply / Disposable","10705031061620","","EA","M-78820","HBROR - A4C4-40017432"
"Sut Pds Ii 0 Tp-1ndl 60in Loop Z991g 12pk/BxZ991G","Supply / Disposable","10705031061996","","EA","M-78821","HBROR - A4C4-39017499"
"Sut Pds Ii 2-0 Sh Ndl27in Z317 H 36pk/BxZ317H","Supply / Disposable","10705031060494","","EA","M-67342, M-75053, M-84075, M-84076, M-84077","HBROR - A4C5-4017486"
"Sut Pds Ii 4-0 Rb-1 Ndl 27in Z 304h 36pk/BxZ304H","Supply / Disposable","10705031060371","","EA","M-81955","HBROR017405"
"Sut Pds Ii 5-0 Rb-1ndl 27in Z3 03h 36pk/BxZ303H","Supply / Disposable","10705031060357","","EA","M-67342","HBROR - A4C5-10017407"
"Sut Silk 2-0 12-18in Ties A185 H 36pk/BxA185H","Supply / Disposable","10705031023024","","EA","M-77027","HBROR - A5C1-13002765"
"Sut Silk 2-0 Sh Ndl Cr 8-18inc 012d 12pk/BxC012D","Supply / Disposable","10705031023390","","EA","M-69622, M-77027","HBROR - A5C1-12017423"
"Sut Silk 3-0 Sh Ndl Cr 8-18inc 013d 12pk/BxC013D","Supply / Disposable","10705031023420","","EA","M-81955","HBROR - A5C1-19017374"
"Sut Vicryl 0 Ct-1 Ndl 36in J34 6h 36pk/BxJ346H","Supply / Disposable","10705031039117","","EA","M-81955","HBROR017452"
"Sut Vicryl 2-0 Sh Ndl 27in J417hJ417H","Supply / Disposable","10705031039681","","EA","M-68108, M-69622, M-70803, M-91325","HBROR - A4C5-30011566"
"Sut Vicryl 4-0 Ps-2 Ndl 18in U Ndyed J496h 36pk/Bx O-J496H","Supply / Disposable","10705031040595","","EA","M-77027, M-78820","HBROR - A4C6-15128733"
"Sut Vicryl 4-0 Rb-1 Ndl 27in U Ndyed J214h 36pk/Bx J214H","Supply / Disposable","10705031038226","","EA","M-67342, M-68108, M-81955","HBROR - A4C6-14017451"
"Sut Vicryl 4-0 Sh Ndl 27in Undyed J415hJ415H","Supply / Disposable","10705031039643","","EA","M-67342, M-67389, M-68103, M-68108, M-70803, M-75053, M-81955, M-84075, M-84076, M-84077, M-91325","HBROR - A4C6-10004653"
"Sut Vicryl Plus 0 Violet Ct-1 Ndl 8-27in Vcpp31d O-01VCPP31D","Supply / Disposable","","10705031","EA","M-78820","HBROR025087"
"Sut Vicryl Plus 2-0 Violet Tie 12-18in Vcp105gVCP105G","Supply / Disposable","10705031051416","","EA","M-78820","HBROR025049"
"Sut Vicryl Plus 2-0 Violet Ur- 6 Ndl 27in Vcp602hVCP602H","Supply / Disposable","10705031054370","","EA","M-68103, M-68108, M-70803","HBROR025070"
"Sut Vicryl Plus 3-0 Undyed Tie 12-18in Vcp110g O-0173VCP110G","Supply / Disposable","10705031051485","","EA","M-78820","HBROR025051"
"Sut Vicryl Rapide 4-0 Ps-2 Ndl 18in Undyed Vr496VR496","Supply / Disposable","10705031134690","","EA","M-68108","HBROR - A4C6-17010686"
"Syringe 10ml Ll 5/Sr /Bx/200 400/Ca O-000599302995","Supply / Disposable","00382903029952","","EA","M-67904, M-74397, M-75978, M-91325","HBROR - A5C3-10052913"
"Syringe 20ml Ll 48/Bx Ca/192 N-396178302830","Supply / Disposable","00382903028306","","EA","M-67389, M-74397, M-75977, M-83968, M-84075, M-84076, M-84077, M-90889, M-107797","HBROR - A5C3-1051860"
"Syringe L/L 3ml 200/Bx 4/Ca S-054152309657EANote: Used for papavarine110HBROR - A6C2-32051163, 10705031Adhesive Skin Dermabond Advanc D 12/Bx O 128446 N-389DNX12","Supply / Disposable","00382903096572","","EA","M-75053","HBROR - A5C3-7010941"
"System Wound Irrigation 450ml Debridement Irrisept ISEPT-450-USA","Supply / Disposable","00842351190005","","EA","M-67389, M-83968, M-90614, M-90889, M-107797","HBROR135718"
"TRAY CATH FOLEY 16FR 5CC BALLOON DRAIN BAG PVC SURESTA947316","Supply / Disposable","00801741074141","","EA","M-68103, M-84075, M-84076, M-84077, M-90889, M-91325","HBROR386430"
"Tip Suction Yankau Std On OffOR164","Supply / Disposable","10888277107465","","EA","M-67389, M-68103, M-68108, M-68363, M-69077, M-70802, M-74397, M-75053, M-75977, M-83509, M-83968, M-84075, M-84076, M-84077, M-90614, M-90889, M-91325, M-107797","HBROR053921Chloraprep 26ml Orng St O-050864930815EA110HBROR266357; HBROR266357"
"Tray Cath 16fr 350ml Urine Met Er Surestep O-386430 A942216","Supply / Disposable","00801741074110","","EA","M-75975","HBROR391921"
"Tray Skin Prep O-000455DYND70661","Supply / Disposable","10080196998593","","EA","M-67389, M-67904, M-68103, M-68200, M-83509, M-84075, M-84076, M-84077, M-90889","HBROR347533"
"Tube Salem Sump W/Arv 18fr 50/Ca D-113379 N-055031 8888266148","Supply / Disposable","10884521004726","","EA","M-78820, M-78821","HBROR001878"
"Tube Yank Suct Flex Reg Tip Medi-Vac 50/CaK61","Supply / Disposable","00885380030171","","EA","M-70802","HBROR355220"
"Tubing Suction Noncond 20ft St Maxi-Grip 20/CaCFN620A","Supply / Disposable","10885380072437","","EA","M-68103, M-74204, M-75978, M-83968, M-90614, M-107797","HBROR - A3C3-4001943"
